artifact_name,source_row_index,split,primary_layer,gold_label,predicted_label,purist_correct,pragmatic_correct,hidden_families,first_failure_owner,first_failure_reason,evidence_exact,selected_operand_complete,deterministic_correct,oracle_candidate_presence,oracle_graph_representability
gan2026_llm_heavy_evidence_selection_with_deterministic_adapters_validation250_gpt41mini_v1_live_2026-06-03.jsonl,10,validation,final_projected_label,4 per day,4 per day,True,True,cluster_burden;diary_or_log_aggregation;rate_bucket_or_denominator,none,primary layer is Purist-correct,True,True,,,
gan2026_llm_heavy_evidence_selection_with_deterministic_adapters_validation250_gpt41mini_v1_live_2026-06-03.jsonl,40,validation,final_projected_label,4 per week,4 per week,True,True,rate_bucket_or_denominator;current_vs_historical;competing_semiologies,none,primary layer is Purist-correct,True,True,,,
gan2026_llm_heavy_evidence_selection_with_deterministic_adapters_validation250_gpt41mini_v1_live_2026-06-03.jsonl,79,validation,final_projected_label,6 to 7 per year,6 to 7 per year,True,True,cluster_burden;current_vs_historical,none,primary layer is Purist-correct,False,True,,,
gan2026_llm_heavy_evidence_selection_with_deterministic_adapters_validation250_gpt41mini_v1_live_2026-06-03.jsonl,103,validation,final_projected_label,2 to 4 per year,2 to 4 per year,True,True,current_vs_historical,none,primary layer is Purist-correct,True,True,,,
gan2026_llm_heavy_evidence_selection_with_deterministic_adapters_validation250_gpt41mini_v1_live_2026-06-03.jsonl,128,validation,final_projected_label,17 per month,17 per month,True,True,cluster_burden;current_vs_historical,none,primary layer is Purist-correct,True,True,,,
gan2026_llm_heavy_evidence_selection_with_deterministic_adapters_validation250_gpt41mini_v1_live_2026-06-03.jsonl,156,validation,final_projected_label,1 per 6 day,1 per 6 day,True,True,current_vs_historical;competing_semiologies,none,primary layer is Purist-correct,True,True,,,
gan2026_llm_heavy_evidence_selection_with_deterministic_adapters_validation250_gpt41mini_v1_live_2026-06-03.jsonl,180,validation,final_projected_label,1 per 7 day,1 per 7 day,True,True,diary_or_log_aggregation,none,primary layer is Purist-correct,True,True,,,
gan2026_llm_heavy_evidence_selection_with_deterministic_adapters_validation250_gpt41mini_v1_live_2026-06-03.jsonl,182,validation,final_projected_label,1 per 2 day,1 per 2 day,True,True,diary_or_log_aggregation;current_vs_historical,none,primary layer is Purist-correct,True,True,,,
gan2026_llm_heavy_evidence_selection_with_deterministic_adapters_validation250_gpt41mini_v1_live_2026-06-03.jsonl,187,validation,final_projected_label,1 per 7 to 9 day,1 per 7 to 9 day,True,True,cluster_burden;current_vs_historical,none,primary layer is Purist-correct,True,True,,,
gan2026_llm_heavy_evidence_selection_with_deterministic_adapters_validation250_gpt41mini_v1_live_2026-06-03.jsonl,190,validation,final_projected_label,1 per 4 week,1 per 4 week,True,True,cluster_burden;competing_semiologies,none,primary layer is Purist-correct,True,True,,,
gan2026_llm_heavy_evidence_selection_with_deterministic_adapters_validation250_gpt41mini_v1_live_2026-06-03.jsonl,198,validation,final_projected_label,1 per 4 week,1 per 4 week,True,True,unclassified,none,primary layer is Purist-correct,True,True,,,
gan2026_llm_heavy_evidence_selection_with_deterministic_adapters_validation250_gpt41mini_v1_live_2026-06-03.jsonl,212,validation,final_projected_label,1 per 3 to 4 week,1 per 3 to 4 week,True,True,current_vs_historical;competing_semiologies,none,primary layer is Purist-correct,True,True,,,
gan2026_llm_heavy_evidence_selection_with_deterministic_adapters_validation250_gpt41mini_v1_live_2026-06-03.jsonl,218,validation,final_projected_label,1 per 3 week,1 per 3 week,True,True,current_vs_historical,none,primary layer is Purist-correct,True,True,,,
gan2026_llm_heavy_evidence_selection_with_deterministic_adapters_validation250_gpt41mini_v1_live_2026-06-03.jsonl,243,validation,final_projected_label,1 per 4 month,1 per 4 month,True,True,current_vs_historical,none,primary layer is Purist-correct,True,True,,,
gan2026_llm_heavy_evidence_selection_with_deterministic_adapters_validation250_gpt41mini_v1_live_2026-06-03.jsonl,278,validation,final_projected_label,multiple per week,multiple per week,True,True,rate_bucket_or_denominator;current_vs_historical;benchmark_format_convention,none,primary layer is Purist-correct,True,True,,,
gan2026_llm_heavy_evidence_selection_with_deterministic_adapters_validation250_gpt41mini_v1_live_2026-06-03.jsonl,280,validation,final_projected_label,multiple per day,multiple per day,True,True,rate_bucket_or_denominator;current_vs_historical;benchmark_format_convention,none,primary layer is Purist-correct,True,True,,,
gan2026_llm_heavy_evidence_selection_with_deterministic_adapters_validation250_gpt41mini_v1_live_2026-06-03.jsonl,338,validation,final_projected_label,multiple per month,multiple per month,True,True,current_vs_historical;competing_semiologies;benchmark_format_convention,none,primary layer is Purist-correct,True,True,,,
gan2026_llm_heavy_evidence_selection_with_deterministic_adapters_validation250_gpt41mini_v1_live_2026-06-03.jsonl,409,validation,final_projected_label,1 per month,1 per month,True,True,current_vs_historical;competing_semiologies,none,primary layer is Purist-correct,True,True,,,
gan2026_llm_heavy_evidence_selection_with_deterministic_adapters_validation250_gpt41mini_v1_live_2026-06-03.jsonl,419,validation,final_projected_label,2 per year,2 per year,True,True,current_vs_historical,none,primary layer is Purist-correct,True,True,,,
gan2026_llm_heavy_evidence_selection_with_deterministic_adapters_validation250_gpt41mini_v1_live_2026-06-03.jsonl,446,validation,final_projected_label,2 per week,2 per week,True,True,cluster_burden;rate_bucket_or_denominator;current_vs_historical,none,primary layer is Purist-correct,True,True,,,
gan2026_llm_heavy_evidence_selection_with_deterministic_adapters_validation250_gpt41mini_v1_live_2026-06-03.jsonl,466,validation,final_projected_label,21 to 28 per month,21 to 28 per month,True,True,competing_semiologies,none,primary layer is Purist-correct,True,True,,,
gan2026_llm_heavy_evidence_selection_with_deterministic_adapters_validation250_gpt41mini_v1_live_2026-06-03.jsonl,467,validation,final_projected_label,9 per month,9 per month,True,True,diary_or_log_aggregation;current_vs_historical,none,primary layer is Purist-correct,True,True,,,
gan2026_llm_heavy_evidence_selection_with_deterministic_adapters_validation250_gpt41mini_v1_live_2026-06-03.jsonl,531,validation,final_projected_label,12 to 30 per 3 month,12 to 30 per month,True,True,cluster_burden;current_vs_historical,none,primary layer is Purist-correct,True,True,,,
gan2026_llm_heavy_evidence_selection_with_deterministic_adapters_validation250_gpt41mini_v1_live_2026-06-03.jsonl,598,validation,final_projected_label,1 per 8 month,1 per 8 month,True,True,unclassified,none,primary layer is Purist-correct,True,True,,,
gan2026_llm_heavy_evidence_selection_with_deterministic_adapters_validation250_gpt41mini_v1_live_2026-06-03.jsonl,659,validation,final_projected_label,2 per 4 day,2 per 4 day,True,True,cluster_burden,none,primary layer is Purist-correct,True,True,,,
gan2026_llm_heavy_evidence_selection_with_deterministic_adapters_validation250_gpt41mini_v1_live_2026-06-03.jsonl,665,validation,final_projected_label,2 per 2 week,2 per 2 week,True,True,cluster_burden;diary_or_log_aggregation,none,primary layer is Purist-correct,True,True,,,
gan2026_llm_heavy_evidence_selection_with_deterministic_adapters_validation250_gpt41mini_v1_live_2026-06-03.jsonl,678,validation,final_projected_label,2 per 4 month,2 per 4 month,True,True,unclassified,none,primary layer is Purist-correct,True,True,,,
gan2026_llm_heavy_evidence_selection_with_deterministic_adapters_validation250_gpt41mini_v1_live_2026-06-03.jsonl,694,validation,final_projected_label,1 per week,1 per week,True,True,rate_bucket_or_denominator;current_vs_historical,none,primary layer is Purist-correct,True,True,,,
gan2026_llm_heavy_evidence_selection_with_deterministic_adapters_validation250_gpt41mini_v1_live_2026-06-03.jsonl,704,validation,final_projected_label,2 per month,1 to 2 per 2 to 4 week,True,True,cluster_burden,none,primary layer is Purist-correct,True,True,,,
gan2026_llm_heavy_evidence_selection_with_deterministic_adapters_validation250_gpt41mini_v1_live_2026-06-03.jsonl,725,validation,final_projected_label,1 per day,1 per day,True,True,rate_bucket_or_denominator,none,primary layer is Purist-correct,True,True,,,
gan2026_llm_heavy_evidence_selection_with_deterministic_adapters_validation250_gpt41mini_v1_live_2026-06-03.jsonl,731,validation,final_projected_label,1 per day,1 per day,True,True,rate_bucket_or_denominator,none,primary layer is Purist-correct,True,True,,,
gan2026_llm_heavy_evidence_selection_with_deterministic_adapters_validation250_gpt41mini_v1_live_2026-06-03.jsonl,743,validation,final_projected_label,multiple per week,multiple per shift,True,True,rate_bucket_or_denominator;benchmark_format_convention,none,primary layer is Purist-correct,True,False,,,
gan2026_llm_heavy_evidence_selection_with_deterministic_adapters_validation250_gpt41mini_v1_live_2026-06-03.jsonl,744,validation,final_projected_label,multiple per week,multiple per week,True,True,cluster_burden;rate_bucket_or_denominator;current_vs_historical;competing_semiologies;benchmark_format_convention,none,primary layer is Purist-correct,True,True,,,
gan2026_llm_heavy_evidence_selection_with_deterministic_adapters_validation250_gpt41mini_v1_live_2026-06-03.jsonl,763,validation,final_projected_label,1 per week,1 per week,True,True,rate_bucket_or_denominator;current_vs_historical,none,primary layer is Purist-correct,False,True,,,
gan2026_llm_heavy_evidence_selection_with_deterministic_adapters_validation250_gpt41mini_v1_live_2026-06-03.jsonl,790,validation,final_projected_label,1 per 7 to 10 day,1 per 7 to 10 day,True,True,rate_bucket_or_denominator;current_vs_historical,none,primary layer is Purist-correct,True,True,,,
gan2026_llm_heavy_evidence_selection_with_deterministic_adapters_validation250_gpt41mini_v1_live_2026-06-03.jsonl,816,validation,final_projected_label,1 per month,1 per month,True,True,rate_bucket_or_denominator;current_vs_historical;competing_semiologies,none,primary layer is Purist-correct,True,True,,,
gan2026_llm_heavy_evidence_selection_with_deterministic_adapters_validation250_gpt41mini_v1_live_2026-06-03.jsonl,849,validation,final_projected_label,1 per year,1 per year,True,True,rate_bucket_or_denominator,none,primary layer is Purist-correct,True,True,,,
gan2026_llm_heavy_evidence_selection_with_deterministic_adapters_validation250_gpt41mini_v1_live_2026-06-03.jsonl,854,validation,final_projected_label,1 per year,1 per year,True,True,rate_bucket_or_denominator;current_vs_historical,none,primary layer is Purist-correct,True,True,,,
gan2026_llm_heavy_evidence_selection_with_deterministic_adapters_validation250_gpt41mini_v1_live_2026-06-03.jsonl,869,validation,final_projected_label,multiple per month,multiple per month,True,True,diary_or_log_aggregation;rate_bucket_or_denominator;benchmark_format_convention,none,primary layer is Purist-correct,True,True,,,
gan2026_llm_heavy_evidence_selection_with_deterministic_adapters_validation250_gpt41mini_v1_live_2026-06-03.jsonl,891,validation,final_projected_label,1 per 2 day,1 per 2 day,True,True,seizure_free_duration;diary_or_log_aggregation;current_vs_historical;competing_semiologies;benchmark_format_convention,none,primary layer is Purist-correct,False,True,,,
gan2026_llm_heavy_evidence_selection_with_deterministic_adapters_validation250_gpt41mini_v1_live_2026-06-03.jsonl,899,validation,final_projected_label,1 per 2 week,1 per 2 week,True,True,diary_or_log_aggregation;rate_bucket_or_denominator;current_vs_historical;benchmark_format_convention,none,primary layer is Purist-correct,True,True,,,
gan2026_llm_heavy_evidence_selection_with_deterministic_adapters_validation250_gpt41mini_v1_live_2026-06-03.jsonl,959,validation,final_projected_label,1 per 2 month,1 per 2 month,True,True,rate_bucket_or_denominator;benchmark_format_convention,none,primary layer is Purist-correct,True,True,,,
gan2026_llm_heavy_evidence_selection_with_deterministic_adapters_validation250_gpt41mini_v1_live_2026-06-03.jsonl,960,validation,final_projected_label,1 per 2 month,1 per 2 month,True,True,rate_bucket_or_denominator;benchmark_format_convention,none,primary layer is Purist-correct,True,True,,,
gan2026_llm_heavy_evidence_selection_with_deterministic_adapters_validation250_gpt41mini_v1_live_2026-06-03.jsonl,978,validation,final_projected_label,1 per 2 month,1 per 2 month,True,True,cluster_burden;rate_bucket_or_denominator;competing_semiologies;benchmark_format_convention,none,primary layer is Purist-correct,True,True,,,
gan2026_llm_heavy_evidence_selection_with_deterministic_adapters_validation250_gpt41mini_v1_live_2026-06-03.jsonl,987,validation,final_projected_label,1 per 2 month,1 per 2 month,True,True,rate_bucket_or_denominator;benchmark_format_convention,none,primary layer is Purist-correct,True,True,,,
gan2026_llm_heavy_evidence_selection_with_deterministic_adapters_validation250_gpt41mini_v1_live_2026-06-03.jsonl,1030,validation,final_projected_label,1 to 3 per month,1 to 3 per month,True,True,diary_or_log_aggregation;current_vs_historical,none,primary layer is Purist-correct,True,True,,,
gan2026_llm_heavy_evidence_selection_with_deterministic_adapters_validation250_gpt41mini_v1_live_2026-06-03.jsonl,1046,validation,final_projected_label,3 to 5 per month,3 to 5 per month,True,True,cluster_burden;current_vs_historical;uncertainty_or_ambiguity,none,primary layer is Purist-correct,True,True,,,
gan2026_llm_heavy_evidence_selection_with_deterministic_adapters_validation250_gpt41mini_v1_live_2026-06-03.jsonl,1070,validation,final_projected_label,3 to 4 per week,3 to 4 per week,True,True,rate_bucket_or_denominator;current_vs_historical,none,primary layer is Purist-correct,True,True,,,
gan2026_llm_heavy_evidence_selection_with_deterministic_adapters_validation250_gpt41mini_v1_live_2026-06-03.jsonl,1094,validation,final_projected_label,3 to 5 per week,3 to 5 per week,True,True,rate_bucket_or_denominator;current_vs_historical,none,primary layer is Purist-correct,True,True,,,
gan2026_llm_heavy_evidence_selection_with_deterministic_adapters_validation250_gpt41mini_v1_live_2026-06-03.jsonl,1165,validation,final_projected_label,5 to 7 per 3 week,1 per 3 week,False,True,competing_semiologies,deterministic_adapter,adapter regressed a raw-correct clinical selection,True,True,,,
gan2026_llm_heavy_evidence_selection_with_deterministic_adapters_validation250_gpt41mini_v1_live_2026-06-03.jsonl,1171,validation,final_projected_label,7 to 9 per 3 week,7 to 9 per 3 week,True,True,competing_semiologies,none,primary layer is Purist-correct,True,True,,,
gan2026_llm_heavy_evidence_selection_with_deterministic_adapters_validation250_gpt41mini_v1_live_2026-06-03.jsonl,1207,validation,final_projected_label,21 to 28 per 3 month,21 to 28 per 3 month,True,True,current_vs_historical,none,primary layer is Purist-correct,True,True,,,
gan2026_llm_heavy_evidence_selection_with_deterministic_adapters_validation250_gpt41mini_v1_live_2026-06-03.jsonl,1223,validation,final_projected_label,3 to 4 per week,3 to 4 per week,True,True,rate_bucket_or_denominator;competing_semiologies,none,primary layer is Purist-correct,True,True,,,
gan2026_llm_heavy_evidence_selection_with_deterministic_adapters_validation250_gpt41mini_v1_live_2026-06-03.jsonl,1249,validation,final_projected_label,2 to 4 per week,2 to 4 per week,True,True,rate_bucket_or_denominator;current_vs_historical;competing_semiologies,none,primary layer is Purist-correct,True,True,,,
gan2026_llm_heavy_evidence_selection_with_deterministic_adapters_validation250_gpt41mini_v1_live_2026-06-03.jsonl,1281,validation,final_projected_label,5 to 7 per year,5 to 7 per 10 month,True,True,unclassified,none,primary layer is Purist-correct,True,True,,,
gan2026_llm_heavy_evidence_selection_with_deterministic_adapters_validation250_gpt41mini_v1_live_2026-06-03.jsonl,1317,validation,final_projected_label,"unknown, multiple per cluster",1 per day,False,False,cluster_burden;rate_bucket_or_denominator;current_vs_historical;uncertainty_or_ambiguity;benchmark_format_convention,deterministic_adapter,adapter regressed a raw-correct clinical selection,True,True,,,
gan2026_llm_heavy_evidence_selection_with_deterministic_adapters_validation250_gpt41mini_v1_live_2026-06-03.jsonl,1357,validation,final_projected_label,1 per day,1 per day,True,True,rate_bucket_or_denominator;competing_semiologies,none,primary layer is Purist-correct,True,False,,,
gan2026_llm_heavy_evidence_selection_with_deterministic_adapters_validation250_gpt41mini_v1_live_2026-06-03.jsonl,1363,validation,final_projected_label,3 per day,1 to 2 per week,False,True,rate_bucket_or_denominator;competing_semiologies,llm_clinical_selection,raw model clinical selection was already wrong,True,True,,,
gan2026_llm_heavy_evidence_selection_with_deterministic_adapters_validation250_gpt41mini_v1_live_2026-06-03.jsonl,1413,validation,final_projected_label,9 per month,9 per month,True,True,current_vs_historical;competing_semiologies,none,primary layer is Purist-correct,True,True,,,
gan2026_llm_heavy_evidence_selection_with_deterministic_adapters_validation250_gpt41mini_v1_live_2026-06-03.jsonl,1454,validation,final_projected_label,7 per week,7 per week,True,True,rate_bucket_or_denominator;current_vs_historical;competing_semiologies,none,primary layer is Purist-correct,True,True,,,
gan2026_llm_heavy_evidence_selection_with_deterministic_adapters_validation250_gpt41mini_v1_live_2026-06-03.jsonl,1486,validation,final_projected_label,3 per month,2 per month,True,True,current_vs_historical;competing_semiologies,none,primary layer is Purist-correct,True,True,,,
gan2026_llm_heavy_evidence_selection_with_deterministic_adapters_validation250_gpt41mini_v1_live_2026-06-03.jsonl,1573,validation,final_projected_label,11 per week,11 per week,True,True,rate_bucket_or_denominator;current_vs_historical;competing_semiologies,none,primary layer is Purist-correct,True,True,,,
gan2026_llm_heavy_evidence_selection_with_deterministic_adapters_validation250_gpt41mini_v1_live_2026-06-03.jsonl,1591,validation,final_projected_label,11 per month,5 per month,True,True,current_vs_historical;competing_semiologies,none,primary layer is Purist-correct,True,True,,,
gan2026_llm_heavy_evidence_selection_with_deterministic_adapters_validation250_gpt41mini_v1_live_2026-06-03.jsonl,1596,validation,final_projected_label,12 per week,12 per week,True,True,rate_bucket_or_denominator;current_vs_historical,none,primary layer is Purist-correct,True,True,,,
gan2026_llm_heavy_evidence_selection_with_deterministic_adapters_validation250_gpt41mini_v1_live_2026-06-03.jsonl,1597,validation,final_projected_label,12 per month,12 per month,True,True,current_vs_historical;competing_semiologies,none,primary layer is Purist-correct,True,True,,,
gan2026_llm_heavy_evidence_selection_with_deterministic_adapters_validation250_gpt41mini_v1_live_2026-06-03.jsonl,1636,validation,final_projected_label,5 per month,5 per month,True,True,current_vs_historical,none,primary layer is Purist-correct,True,True,,,
gan2026_llm_heavy_evidence_selection_with_deterministic_adapters_validation250_gpt41mini_v1_live_2026-06-03.jsonl,1640,validation,final_projected_label,5 per week,5 per week,True,True,rate_bucket_or_denominator;current_vs_historical;competing_semiologies,none,primary layer is Purist-correct,True,True,,,
gan2026_llm_heavy_evidence_selection_with_deterministic_adapters_validation250_gpt41mini_v1_live_2026-06-03.jsonl,1687,validation,final_projected_label,multiple per week,multiple per day,True,True,rate_bucket_or_denominator;current_vs_historical;competing_semiologies;benchmark_format_convention,none,primary layer is Purist-correct,True,True,,,
gan2026_llm_heavy_evidence_selection_with_deterministic_adapters_validation250_gpt41mini_v1_live_2026-06-03.jsonl,1694,validation,final_projected_label,"1 cluster per 2 week, 3 per cluster",3 per 2 week,True,True,cluster_burden;current_vs_historical;competing_semiologies,none,primary layer is Purist-correct,True,True,,,
gan2026_llm_heavy_evidence_selection_with_deterministic_adapters_validation250_gpt41mini_v1_live_2026-06-03.jsonl,1695,validation,final_projected_label,multiple per month,3 to 5 per month,False,False,diary_or_log_aggregation;current_vs_historical;competing_semiologies;benchmark_format_convention,llm_clinical_selection,raw model clinical selection was already wrong,True,True,,,
gan2026_llm_heavy_evidence_selection_with_deterministic_adapters_validation250_gpt41mini_v1_live_2026-06-03.jsonl,1706,validation,final_projected_label,"multiple cluster per month, multiple per cluster",1 per 1 month,False,False,cluster_burden;current_vs_historical;competing_semiologies;benchmark_format_convention,operand_exposure,model did not expose complete adapter operands,True,False,,,
gan2026_llm_heavy_evidence_selection_with_deterministic_adapters_validation250_gpt41mini_v1_live_2026-06-03.jsonl,1707,validation,final_projected_label,multiple per week,1 per 7 day,False,False,cluster_burden;rate_bucket_or_denominator;current_vs_historical;competing_semiologies;benchmark_format_convention,deterministic_adapter,adapter regressed a raw-correct clinical selection,True,True,,,
gan2026_llm_heavy_evidence_selection_with_deterministic_adapters_validation250_gpt41mini_v1_live_2026-06-03.jsonl,1772,validation,final_projected_label,11 per 6 month,11 per 6 month,True,True,cluster_burden;current_vs_historical;competing_semiologies,none,primary layer is Purist-correct,True,True,,,
gan2026_llm_heavy_evidence_selection_with_deterministic_adapters_validation250_gpt41mini_v1_live_2026-06-03.jsonl,1773,validation,final_projected_label,11 per 3 month,11 per 3 month,True,True,current_vs_historical,none,primary layer is Purist-correct,True,True,,,
gan2026_llm_heavy_evidence_selection_with_deterministic_adapters_validation250_gpt41mini_v1_live_2026-06-03.jsonl,1790,validation,final_projected_label,8 per 4 month,8 per 4 month,True,True,current_vs_historical,none,primary layer is Purist-correct,True,True,,,
gan2026_llm_heavy_evidence_selection_with_deterministic_adapters_validation250_gpt41mini_v1_live_2026-06-03.jsonl,1794,validation,final_projected_label,8 per 2 month,8 per 2 month,True,True,current_vs_historical;competing_semiologies,none,primary layer is Purist-correct,True,True,,,
gan2026_llm_heavy_evidence_selection_with_deterministic_adapters_validation250_gpt41mini_v1_live_2026-06-03.jsonl,1866,validation,final_projected_label,8 per 2 month,8 per 2 month,True,True,cluster_burden;current_vs_historical;competing_semiologies,none,primary layer is Purist-correct,True,True,,,
gan2026_llm_heavy_evidence_selection_with_deterministic_adapters_validation250_gpt41mini_v1_live_2026-06-03.jsonl,1880,validation,final_projected_label,8 per 2 month,8 per 2 month,True,True,current_vs_historical,none,primary layer is Purist-correct,True,True,,,
gan2026_llm_heavy_evidence_selection_with_deterministic_adapters_validation250_gpt41mini_v1_live_2026-06-03.jsonl,1887,validation,final_projected_label,4 per 3 month,4 per 3 month,True,True,current_vs_historical,none,primary layer is Purist-correct,True,True,,,
gan2026_llm_heavy_evidence_selection_with_deterministic_adapters_validation250_gpt41mini_v1_live_2026-06-03.jsonl,1914,validation,final_projected_label,7 per 3 month,7 per 3 month,True,True,current_vs_historical;competing_semiologies,none,primary layer is Purist-correct,True,True,,,
gan2026_llm_heavy_evidence_selection_with_deterministic_adapters_validation250_gpt41mini_v1_live_2026-06-03.jsonl,1922,validation,final_projected_label,7 per 3 month,7 per 3 month,True,True,current_vs_historical,none,primary layer is Purist-correct,True,True,,,
gan2026_llm_heavy_evidence_selection_with_deterministic_adapters_validation250_gpt41mini_v1_live_2026-06-03.jsonl,1923,validation,final_projected_label,7 per 6 month,7 per 6 month,True,True,current_vs_historical,none,primary layer is Purist-correct,True,True,,,
gan2026_llm_heavy_evidence_selection_with_deterministic_adapters_validation250_gpt41mini_v1_live_2026-06-03.jsonl,1979,validation,final_projected_label,6 per 2 month,3 per 2 month,True,True,current_vs_historical;competing_semiologies,none,primary layer is Purist-correct,True,True,,,
gan2026_llm_heavy_evidence_selection_with_deterministic_adapters_validation250_gpt41mini_v1_live_2026-06-03.jsonl,1980,validation,final_projected_label,6 per 3 month,6 per 3 month,True,True,current_vs_historical;competing_semiologies,none,primary layer is Purist-correct,True,True,,,
gan2026_llm_heavy_evidence_selection_with_deterministic_adapters_validation250_gpt41mini_v1_live_2026-06-03.jsonl,2023,validation,final_projected_label,5 per month,5 per month,True,True,competing_semiologies,none,primary layer is Purist-correct,True,True,,,
gan2026_llm_heavy_evidence_selection_with_deterministic_adapters_validation250_gpt41mini_v1_live_2026-06-03.jsonl,2080,validation,final_projected_label,multiple per month,multiple per month,True,True,current_vs_historical;benchmark_format_convention,none,primary layer is Purist-correct,False,True,,,
gan2026_llm_heavy_evidence_selection_with_deterministic_adapters_validation250_gpt41mini_v1_live_2026-06-03.jsonl,2094,validation,final_projected_label,multiple per month,multiple per month,True,True,current_vs_historical;competing_semiologies;benchmark_format_convention,none,primary layer is Purist-correct,True,True,,,
gan2026_llm_heavy_evidence_selection_with_deterministic_adapters_validation250_gpt41mini_v1_live_2026-06-03.jsonl,2114,validation,final_projected_label,multiple per month,multiple per month,True,True,current_vs_historical;competing_semiologies;benchmark_format_convention,none,primary layer is Purist-correct,True,True,,,
gan2026_llm_heavy_evidence_selection_with_deterministic_adapters_validation250_gpt41mini_v1_live_2026-06-03.jsonl,2149,validation,final_projected_label,unknown,unknown,True,True,unknown_boundary;cluster_burden;current_vs_historical;competing_semiologies;uncertainty_or_ambiguity,none,primary layer is Purist-correct,True,False,,,
gan2026_llm_heavy_evidence_selection_with_deterministic_adapters_validation250_gpt41mini_v1_live_2026-06-03.jsonl,2166,validation,final_projected_label,unknown,frequent per unknown,True,True,unknown_boundary;uncertainty_or_ambiguity,none,primary layer is Purist-correct,True,False,,,
gan2026_llm_heavy_evidence_selection_with_deterministic_adapters_validation250_gpt41mini_v1_live_2026-06-03.jsonl,2228,validation,final_projected_label,3 to 5 per 2 week,3 to 5 per 2 week,True,True,diary_or_log_aggregation;current_vs_historical,none,primary layer is Purist-correct,True,True,,,
gan2026_llm_heavy_evidence_selection_with_deterministic_adapters_validation250_gpt41mini_v1_live_2026-06-03.jsonl,2233,validation,final_projected_label,6 to 7 per 2 month,6 to 7 per 2 month,True,True,current_vs_historical,none,primary layer is Purist-correct,True,True,,,
gan2026_llm_heavy_evidence_selection_with_deterministic_adapters_validation250_gpt41mini_v1_live_2026-06-03.jsonl,2245,validation,final_projected_label,7 to 8 per 3 week,7 to 8 per 3 week,True,True,current_vs_historical,none,primary layer is Purist-correct,True,True,,,
gan2026_llm_heavy_evidence_selection_with_deterministic_adapters_validation250_gpt41mini_v1_live_2026-06-03.jsonl,2259,validation,final_projected_label,6 to 8 per 3 month,6 to 8 per 3 month,True,True,cluster_burden;current_vs_historical,none,primary layer is Purist-correct,True,True,,,
gan2026_llm_heavy_evidence_selection_with_deterministic_adapters_validation250_gpt41mini_v1_live_2026-06-03.jsonl,2354,validation,final_projected_label,6 to 7 per week,6 to 7 per week,True,True,rate_bucket_or_denominator;competing_semiologies,none,primary layer is Purist-correct,True,True,,,
gan2026_llm_heavy_evidence_selection_with_deterministic_adapters_validation250_gpt41mini_v1_live_2026-06-03.jsonl,2366,validation,final_projected_label,2 to 4 per year,2 to 4 per year,True,True,current_vs_historical,none,primary layer is Purist-correct,True,True,,,
gan2026_llm_heavy_evidence_selection_with_deterministic_adapters_validation250_gpt41mini_v1_live_2026-06-03.jsonl,2369,validation,final_projected_label,3 to 4 per month,3 to 4 per month,True,True,cluster_burden;current_vs_historical,none,primary layer is Purist-correct,True,True,,,
gan2026_llm_heavy_evidence_selection_with_deterministic_adapters_validation250_gpt41mini_v1_live_2026-06-03.jsonl,2374,validation,final_projected_label,7 to 9 per month,7 to 9 per month,True,True,rate_bucket_or_denominator;current_vs_historical;competing_semiologies,none,primary layer is Purist-correct,True,True,,,
gan2026_llm_heavy_evidence_selection_with_deterministic_adapters_validation250_gpt41mini_v1_live_2026-06-03.jsonl,2425,validation,final_projected_label,6 to 8 per month,6 to 8 per month,True,True,current_vs_historical,none,primary layer is Purist-correct,True,True,,,
gan2026_llm_heavy_evidence_selection_with_deterministic_adapters_validation250_gpt41mini_v1_live_2026-06-03.jsonl,2427,validation,final_projected_label,3 to 5 per month,3 to 5 per month,True,True,cluster_burden;current_vs_historical;competing_semiologies,none,primary layer is Purist-correct,True,True,,,
gan2026_llm_heavy_evidence_selection_with_deterministic_adapters_validation250_gpt41mini_v1_live_2026-06-03.jsonl,2435,validation,final_projected_label,5 to 7 per 2 week,5 to 7 per 2 week,True,True,diary_or_log_aggregation;current_vs_historical,none,primary layer is Purist-correct,True,True,,,
gan2026_llm_heavy_evidence_selection_with_deterministic_adapters_validation250_gpt41mini_v1_live_2026-06-03.jsonl,2437,validation,final_projected_label,2 to 3 per 2 month,2 to 3 per 2 month,True,True,current_vs_historical,none,primary layer is Purist-correct,True,True,,,
gan2026_llm_heavy_evidence_selection_with_deterministic_adapters_validation250_gpt41mini_v1_live_2026-06-03.jsonl,2440,validation,final_projected_label,5 to 7 per 2 month,5 to 7 per 2 month,True,True,current_vs_historical,none,primary layer is Purist-correct,True,True,,,
gan2026_llm_heavy_evidence_selection_with_deterministic_adapters_validation250_gpt41mini_v1_live_2026-06-03.jsonl,2456,validation,final_projected_label,6 to 7 per 2 week,6 to 7 per 2 week,True,True,current_vs_historical,none,primary layer is Purist-correct,True,True,,,
gan2026_llm_heavy_evidence_selection_with_deterministic_adapters_validation250_gpt41mini_v1_live_2026-06-03.jsonl,2459,validation,final_projected_label,7 to 9 per 2 week,7 to 9 per 2 week,True,True,current_vs_historical,none,primary layer is Purist-correct,True,True,,,
gan2026_llm_heavy_evidence_selection_with_deterministic_adapters_validation250_gpt41mini_v1_live_2026-06-03.jsonl,2487,validation,final_projected_label,2 to 3 per 3 month,2 to 3 per 3 month,True,True,current_vs_historical,none,primary layer is Purist-correct,True,True,,,
gan2026_llm_heavy_evidence_selection_with_deterministic_adapters_validation250_gpt41mini_v1_live_2026-06-03.jsonl,2513,validation,final_projected_label,2 to 3 per 2 week,2 to 3 per 2 week,True,True,current_vs_historical,none,primary layer is Purist-correct,True,True,,,
gan2026_llm_heavy_evidence_selection_with_deterministic_adapters_validation250_gpt41mini_v1_live_2026-06-03.jsonl,2541,validation,final_projected_label,8 to 9 per 2 week,8 to 9 per 2 week,True,True,current_vs_historical,none,primary layer is Purist-correct,True,True,,,
gan2026_llm_heavy_evidence_selection_with_deterministic_adapters_validation250_gpt41mini_v1_live_2026-06-03.jsonl,2548,validation,final_projected_label,5 to 6 per 2 month,5 to 6 per 2 month,True,True,current_vs_historical;competing_semiologies,none,primary layer is Purist-correct,True,True,,,
gan2026_llm_heavy_evidence_selection_with_deterministic_adapters_validation250_gpt41mini_v1_live_2026-06-03.jsonl,2554,validation,final_projected_label,1 to 10 per 2 month,1 to 10 per 2 month,True,True,current_vs_historical;competing_semiologies,none,primary layer is Purist-correct,True,True,,,
gan2026_llm_heavy_evidence_selection_with_deterministic_adapters_validation250_gpt41mini_v1_live_2026-06-03.jsonl,2558,validation,final_projected_label,3 to 4 per 2 month,3 to 4 per 2 month,True,True,current_vs_historical;competing_semiologies,none,primary layer is Purist-correct,True,True,,,
gan2026_llm_heavy_evidence_selection_with_deterministic_adapters_validation250_gpt41mini_v1_live_2026-06-03.jsonl,2609,validation,final_projected_label,1 per day,1 per day,True,True,rate_bucket_or_denominator;current_vs_historical,none,primary layer is Purist-correct,True,True,,,
gan2026_llm_heavy_evidence_selection_with_deterministic_adapters_validation250_gpt41mini_v1_live_2026-06-03.jsonl,2622,validation,final_projected_label,1 per day,1 per day,True,True,rate_bucket_or_denominator;competing_semiologies,none,primary layer is Purist-correct,True,True,,,
gan2026_llm_heavy_evidence_selection_with_deterministic_adapters_validation250_gpt41mini_v1_live_2026-06-03.jsonl,2628,validation,final_projected_label,1 per day,1 per day,True,True,cluster_burden;rate_bucket_or_denominator;current_vs_historical,none,primary layer is Purist-correct,True,True,,,
gan2026_llm_heavy_evidence_selection_with_deterministic_adapters_validation250_gpt41mini_v1_live_2026-06-03.jsonl,2678,validation,final_projected_label,1 per day,1 per day,True,True,rate_bucket_or_denominator;competing_semiologies,none,primary layer is Purist-correct,True,True,,,
gan2026_llm_heavy_evidence_selection_with_deterministic_adapters_validation250_gpt41mini_v1_live_2026-06-03.jsonl,2681,validation,final_projected_label,1 per day,1 per day,True,True,rate_bucket_or_denominator;current_vs_historical;competing_semiologies,none,primary layer is Purist-correct,True,True,,,
gan2026_llm_heavy_evidence_selection_with_deterministic_adapters_validation250_gpt41mini_v1_live_2026-06-03.jsonl,2698,validation,final_projected_label,1 per 2 day,1 per 2 day,True,True,cluster_burden;competing_semiologies;benchmark_format_convention,none,primary layer is Purist-correct,True,True,,,
gan2026_llm_heavy_evidence_selection_with_deterministic_adapters_validation250_gpt41mini_v1_live_2026-06-03.jsonl,2731,validation,final_projected_label,1 per 2 week,1 per 2 week,True,True,competing_semiologies;benchmark_format_convention,none,primary layer is Purist-correct,True,True,,,
gan2026_llm_heavy_evidence_selection_with_deterministic_adapters_validation250_gpt41mini_v1_live_2026-06-03.jsonl,2740,validation,final_projected_label,1 per month,1 per month,True,True,diary_or_log_aggregation;rate_bucket_or_denominator;current_vs_historical;competing_semiologies,none,primary layer is Purist-correct,True,True,,,
gan2026_llm_heavy_evidence_selection_with_deterministic_adapters_validation250_gpt41mini_v1_live_2026-06-03.jsonl,2748,validation,final_projected_label,1 per month,7 per 10 month,False,True,rate_bucket_or_denominator;competing_semiologies,final_projection,final projection regressed a mechanical-correct row,True,True,,,
gan2026_llm_heavy_evidence_selection_with_deterministic_adapters_validation250_gpt41mini_v1_live_2026-06-03.jsonl,2759,validation,final_projected_label,1 per month,1 per month,True,True,rate_bucket_or_denominator,none,primary layer is Purist-correct,True,True,,,
gan2026_llm_heavy_evidence_selection_with_deterministic_adapters_validation250_gpt41mini_v1_live_2026-06-03.jsonl,2762,validation,final_projected_label,1 per month,1 per month,True,True,diary_or_log_aggregation;rate_bucket_or_denominator;current_vs_historical;competing_semiologies,none,primary layer is Purist-correct,True,True,,,
gan2026_llm_heavy_evidence_selection_with_deterministic_adapters_validation250_gpt41mini_v1_live_2026-06-03.jsonl,2765,validation,final_projected_label,1 per month,1 per month,True,True,diary_or_log_aggregation;rate_bucket_or_denominator;current_vs_historical;competing_semiologies,none,primary layer is Purist-correct,True,True,,,
gan2026_llm_heavy_evidence_selection_with_deterministic_adapters_validation250_gpt41mini_v1_live_2026-06-03.jsonl,2776,validation,final_projected_label,1 per week,1 per week,True,True,rate_bucket_or_denominator,none,primary layer is Purist-correct,True,True,,,
gan2026_llm_heavy_evidence_selection_with_deterministic_adapters_validation250_gpt41mini_v1_live_2026-06-03.jsonl,2789,validation,final_projected_label,1 per week,1 per week,True,True,rate_bucket_or_denominator;current_vs_historical,none,primary layer is Purist-correct,True,True,,,
gan2026_llm_heavy_evidence_selection_with_deterministic_adapters_validation250_gpt41mini_v1_live_2026-06-03.jsonl,2812,validation,final_projected_label,1 per day,1 per day,True,True,rate_bucket_or_denominator;current_vs_historical,none,primary layer is Purist-correct,True,True,,,
gan2026_llm_heavy_evidence_selection_with_deterministic_adapters_validation250_gpt41mini_v1_live_2026-06-03.jsonl,2822,validation,final_projected_label,1 per day,1 per day,True,True,cluster_burden;rate_bucket_or_denominator;competing_semiologies,none,primary layer is Purist-correct,True,True,,,
gan2026_llm_heavy_evidence_selection_with_deterministic_adapters_validation250_gpt41mini_v1_live_2026-06-03.jsonl,2824,validation,final_projected_label,1 per day,1 per day,True,True,rate_bucket_or_denominator;current_vs_historical;competing_semiologies,none,primary layer is Purist-correct,True,True,,,
gan2026_llm_heavy_evidence_selection_with_deterministic_adapters_validation250_gpt41mini_v1_live_2026-06-03.jsonl,2877,validation,final_projected_label,2 per year,2 per year,True,True,current_vs_historical,none,primary layer is Purist-correct,True,True,,,
gan2026_llm_heavy_evidence_selection_with_deterministic_adapters_validation250_gpt41mini_v1_live_2026-06-03.jsonl,2887,validation,final_projected_label,2 per week,2 per week,True,True,rate_bucket_or_denominator;competing_semiologies,none,primary layer is Purist-correct,True,True,,,
gan2026_llm_heavy_evidence_selection_with_deterministic_adapters_validation250_gpt41mini_v1_live_2026-06-03.jsonl,2907,validation,final_projected_label,seizure free for 6 month,seizure free for 6 month,True,True,seizure_free_duration;current_vs_historical,none,primary layer is Purist-correct,True,True,,,
gan2026_llm_heavy_evidence_selection_with_deterministic_adapters_validation250_gpt41mini_v1_live_2026-06-03.jsonl,2932,validation,final_projected_label,seizure free for 9 month,seizure free for 9 month,True,True,seizure_free_duration;current_vs_historical,none,primary layer is Purist-correct,True,True,,,
gan2026_llm_heavy_evidence_selection_with_deterministic_adapters_validation250_gpt41mini_v1_live_2026-06-03.jsonl,2938,validation,final_projected_label,seizure free for 8 month,seizure free for 8 month,True,True,seizure_free_duration;current_vs_historical,none,primary layer is Purist-correct,True,True,,,
gan2026_llm_heavy_evidence_selection_with_deterministic_adapters_validation250_gpt41mini_v1_live_2026-06-03.jsonl,2965,validation,final_projected_label,seizure free for 16 month,seizure free for 1 year,True,True,seizure_free_duration;diary_or_log_aggregation;current_vs_historical,none,primary layer is Purist-correct,True,True,,,
gan2026_llm_heavy_evidence_selection_with_deterministic_adapters_validation250_gpt41mini_v1_live_2026-06-03.jsonl,2992,validation,final_projected_label,seizure free for 7 month,seizure free for 7 month,True,True,seizure_free_duration;current_vs_historical,none,primary layer is Purist-correct,True,True,,,
gan2026_llm_heavy_evidence_selection_with_deterministic_adapters_validation250_gpt41mini_v1_live_2026-06-03.jsonl,3015,validation,final_projected_label,seizure free for 12 month,seizure free for 1 year,True,True,seizure_free_duration;current_vs_historical,none,primary layer is Purist-correct,True,True,,,
gan2026_llm_heavy_evidence_selection_with_deterministic_adapters_validation250_gpt41mini_v1_live_2026-06-03.jsonl,3048,validation,final_projected_label,seizure free for 16 month,seizure free for 16 month,True,True,seizure_free_duration;competing_semiologies,none,primary layer is Purist-correct,True,True,,,
gan2026_llm_heavy_evidence_selection_with_deterministic_adapters_validation250_gpt41mini_v1_live_2026-06-03.jsonl,3058,validation,final_projected_label,seizure free for 12 month,seizure free for 12 month,True,True,seizure_free_duration,none,primary layer is Purist-correct,True,True,,,
gan2026_llm_heavy_evidence_selection_with_deterministic_adapters_validation250_gpt41mini_v1_live_2026-06-03.jsonl,3082,validation,final_projected_label,seizure free for 10 month,seizure free for 10 month,True,True,seizure_free_duration;competing_semiologies,none,primary layer is Purist-correct,False,True,,,
gan2026_llm_heavy_evidence_selection_with_deterministic_adapters_validation250_gpt41mini_v1_live_2026-06-03.jsonl,3095,validation,final_projected_label,seizure free for 12 month,seizure free for 12 month,True,True,seizure_free_duration,none,primary layer is Purist-correct,True,True,,,
gan2026_llm_heavy_evidence_selection_with_deterministic_adapters_validation250_gpt41mini_v1_live_2026-06-03.jsonl,3113,validation,final_projected_label,seizure free for 14 month,seizure free for 14 month,True,True,seizure_free_duration;current_vs_historical,none,primary layer is Purist-correct,True,True,,,
gan2026_llm_heavy_evidence_selection_with_deterministic_adapters_validation250_gpt41mini_v1_live_2026-06-03.jsonl,3118,validation,final_projected_label,seizure free for multiple month,seizure free,True,True,seizure_free_duration;current_vs_historical,none,primary layer is Purist-correct,True,False,,,
gan2026_llm_heavy_evidence_selection_with_deterministic_adapters_validation250_gpt41mini_v1_live_2026-06-03.jsonl,3137,validation,final_projected_label,seizure free for multiple month,no seizure frequency reference,False,False,seizure_free_duration;current_vs_historical,llm_clinical_selection,raw model clinical selection was already wrong,True,True,,,
gan2026_llm_heavy_evidence_selection_with_deterministic_adapters_validation250_gpt41mini_v1_live_2026-06-03.jsonl,3224,validation,final_projected_label,"1 cluster per month, 6 to 7 per cluster","1 cluster per month, 6 to 7 per cluster",True,True,cluster_burden;rate_bucket_or_denominator,none,primary layer is Purist-correct,True,True,,,
gan2026_llm_heavy_evidence_selection_with_deterministic_adapters_validation250_gpt41mini_v1_live_2026-06-03.jsonl,3242,validation,final_projected_label,"2 cluster per month, 5 per cluster","2 cluster per month, 5 per cluster",True,True,cluster_burden;current_vs_historical;competing_semiologies,none,primary layer is Purist-correct,True,True,,,
gan2026_llm_heavy_evidence_selection_with_deterministic_adapters_validation250_gpt41mini_v1_live_2026-06-03.jsonl,3261,validation,final_projected_label,"2 cluster per month, 4 per cluster","2 cluster per month, 4 per cluster",True,True,cluster_burden;competing_semiologies,none,primary layer is Purist-correct,True,True,,,
gan2026_llm_heavy_evidence_selection_with_deterministic_adapters_validation250_gpt41mini_v1_live_2026-06-03.jsonl,3262,validation,final_projected_label,"2 cluster per month, 5 per cluster","2 cluster per month, 5 per cluster",True,True,cluster_burden;current_vs_historical;competing_semiologies,none,primary layer is Purist-correct,True,True,,,
gan2026_llm_heavy_evidence_selection_with_deterministic_adapters_validation250_gpt41mini_v1_live_2026-06-03.jsonl,3281,validation,final_projected_label,8 per month,8 per month,True,True,unclassified,none,primary layer is Purist-correct,True,True,,,
gan2026_llm_heavy_evidence_selection_with_deterministic_adapters_validation250_gpt41mini_v1_live_2026-06-03.jsonl,3297,validation,final_projected_label,6 per month,6 per month,True,True,cluster_burden;current_vs_historical,none,primary layer is Purist-correct,True,True,,,
gan2026_llm_heavy_evidence_selection_with_deterministic_adapters_validation250_gpt41mini_v1_live_2026-06-03.jsonl,3325,validation,final_projected_label,3 per week,3 per week,True,True,cluster_burden;rate_bucket_or_denominator,none,primary layer is Purist-correct,True,True,,,
gan2026_llm_heavy_evidence_selection_with_deterministic_adapters_validation250_gpt41mini_v1_live_2026-06-03.jsonl,3356,validation,final_projected_label,unknown,occasional per 3 month,False,False,unknown_boundary;current_vs_historical;competing_semiologies;uncertainty_or_ambiguity,operand_exposure,model did not expose complete adapter operands,True,False,,,
gan2026_llm_heavy_evidence_selection_with_deterministic_adapters_validation250_gpt41mini_v1_live_2026-06-03.jsonl,3371,validation,final_projected_label,unknown,0 per 8 week,False,False,unknown_boundary;current_vs_historical;competing_semiologies;uncertainty_or_ambiguity,llm_clinical_selection,raw model clinical selection was already wrong,True,True,,,
gan2026_llm_heavy_evidence_selection_with_deterministic_adapters_validation250_gpt41mini_v1_live_2026-06-03.jsonl,3436,validation,final_projected_label,unknown,unknown,True,True,unknown_boundary;cluster_burden;uncertainty_or_ambiguity,none,primary layer is Purist-correct,True,False,,,
gan2026_llm_heavy_evidence_selection_with_deterministic_adapters_validation250_gpt41mini_v1_live_2026-06-03.jsonl,3468,validation,final_projected_label,unknown,6 per 28 day,False,False,unknown_boundary;seizure_free_duration;cluster_burden;current_vs_historical;uncertainty_or_ambiguity,llm_clinical_selection,raw model clinical selection was already wrong,True,True,,,
gan2026_llm_heavy_evidence_selection_with_deterministic_adapters_validation250_gpt41mini_v1_live_2026-06-03.jsonl,3469,validation,final_projected_label,unknown,1 per 7 day,False,False,unknown_boundary;current_vs_historical;uncertainty_or_ambiguity,llm_clinical_selection,raw model clinical selection was already wrong,True,True,,,
gan2026_llm_heavy_evidence_selection_with_deterministic_adapters_validation250_gpt41mini_v1_live_2026-06-03.jsonl,3482,validation,final_projected_label,unknown,1 per 6 month,False,False,unknown_boundary;diary_or_log_aggregation;current_vs_historical;competing_semiologies;uncertainty_or_ambiguity,llm_clinical_selection,raw model clinical selection was already wrong,True,True,,,
gan2026_llm_heavy_evidence_selection_with_deterministic_adapters_validation250_gpt41mini_v1_live_2026-06-03.jsonl,3493,validation,final_projected_label,unknown,1 per 6 day,False,False,unknown_boundary;cluster_burden;uncertainty_or_ambiguity,llm_clinical_selection,raw model clinical selection was already wrong,True,True,,,
gan2026_llm_heavy_evidence_selection_with_deterministic_adapters_validation250_gpt41mini_v1_live_2026-06-03.jsonl,3507,validation,final_projected_label,unknown,unknown,True,True,unknown_boundary;diary_or_log_aggregation;current_vs_historical;uncertainty_or_ambiguity,none,primary layer is Purist-correct,True,False,,,
gan2026_llm_heavy_evidence_selection_with_deterministic_adapters_validation250_gpt41mini_v1_live_2026-06-03.jsonl,3512,validation,final_projected_label,unknown,unknown,True,True,unknown_boundary;diary_or_log_aggregation;current_vs_historical;uncertainty_or_ambiguity,none,primary layer is Purist-correct,True,False,,,
gan2026_llm_heavy_evidence_selection_with_deterministic_adapters_validation250_gpt41mini_v1_live_2026-06-03.jsonl,3528,validation,final_projected_label,unknown,frequent per unspecified unit,False,False,unknown_boundary;competing_semiologies;uncertainty_or_ambiguity,operand_exposure,model did not expose complete adapter operands,True,False,,,
gan2026_llm_heavy_evidence_selection_with_deterministic_adapters_validation250_gpt41mini_v1_live_2026-06-03.jsonl,3532,validation,final_projected_label,unknown,unknown,True,True,unknown_boundary;diary_or_log_aggregation;uncertainty_or_ambiguity,none,primary layer is Purist-correct,True,False,,,
gan2026_llm_heavy_evidence_selection_with_deterministic_adapters_validation250_gpt41mini_v1_live_2026-06-03.jsonl,3534,validation,final_projected_label,unknown,seizure free for 7 month,False,False,unknown_boundary;seizure_free_duration;current_vs_historical;uncertainty_or_ambiguity,llm_clinical_selection,raw model clinical selection was already wrong,True,True,,,
gan2026_llm_heavy_evidence_selection_with_deterministic_adapters_validation250_gpt41mini_v1_live_2026-06-03.jsonl,3600,validation,final_projected_label,unknown,unknown,True,True,unknown_boundary;uncertainty_or_ambiguity,none,primary layer is Purist-correct,True,True,,,
gan2026_llm_heavy_evidence_selection_with_deterministic_adapters_validation250_gpt41mini_v1_live_2026-06-03.jsonl,3623,validation,final_projected_label,7 per week,up to 7 per 1 week,False,False,cluster_burden;rate_bucket_or_denominator;current_vs_historical,operand_exposure,model did not expose complete adapter operands,True,False,,,
gan2026_llm_heavy_evidence_selection_with_deterministic_adapters_validation250_gpt41mini_v1_live_2026-06-03.jsonl,3643,validation,final_projected_label,7 per week,7 per 1 week,True,True,cluster_burden;rate_bucket_or_denominator,none,primary layer is Purist-correct,True,False,,,
gan2026_llm_heavy_evidence_selection_with_deterministic_adapters_validation250_gpt41mini_v1_live_2026-06-03.jsonl,3681,validation,final_projected_label,9 per month,9 per month,True,True,current_vs_historical,none,primary layer is Purist-correct,True,True,,,
gan2026_llm_heavy_evidence_selection_with_deterministic_adapters_validation250_gpt41mini_v1_live_2026-06-03.jsonl,3682,validation,final_projected_label,6 per month,6 per month,True,True,diary_or_log_aggregation;current_vs_historical;competing_semiologies,none,primary layer is Purist-correct,True,True,,,
gan2026_llm_heavy_evidence_selection_with_deterministic_adapters_validation250_gpt41mini_v1_live_2026-06-03.jsonl,3710,validation,final_projected_label,5 per week,5 per week,True,True,diary_or_log_aggregation;rate_bucket_or_denominator;current_vs_historical,none,primary layer is Purist-correct,True,True,,,
gan2026_llm_heavy_evidence_selection_with_deterministic_adapters_validation250_gpt41mini_v1_live_2026-06-03.jsonl,3753,validation,final_projected_label,1 per day,1 per day,True,True,seizure_free_duration;diary_or_log_aggregation;rate_bucket_or_denominator;current_vs_historical,none,primary layer is Purist-correct,True,True,,,
gan2026_llm_heavy_evidence_selection_with_deterministic_adapters_validation250_gpt41mini_v1_live_2026-06-03.jsonl,3766,validation,final_projected_label,8 per year,8 per year,True,True,unclassified,none,primary layer is Purist-correct,True,True,,,
gan2026_llm_heavy_evidence_selection_with_deterministic_adapters_validation250_gpt41mini_v1_live_2026-06-03.jsonl,3774,validation,final_projected_label,9 per year,9 per year,True,True,diary_or_log_aggregation,none,primary layer is Purist-correct,True,True,,,
gan2026_llm_heavy_evidence_selection_with_deterministic_adapters_validation250_gpt41mini_v1_live_2026-06-03.jsonl,3791,validation,final_projected_label,10 per year,10 per year,True,True,current_vs_historical,none,primary layer is Purist-correct,True,True,,,
gan2026_llm_heavy_evidence_selection_with_deterministic_adapters_validation250_gpt41mini_v1_live_2026-06-03.jsonl,3801,validation,final_projected_label,9 per month,9 per month,True,True,current_vs_historical,none,primary layer is Purist-correct,True,True,,,
gan2026_llm_heavy_evidence_selection_with_deterministic_adapters_validation250_gpt41mini_v1_live_2026-06-03.jsonl,3806,validation,final_projected_label,6 per month,6 per month,True,True,unclassified,none,primary layer is Purist-correct,True,True,,,
gan2026_llm_heavy_evidence_selection_with_deterministic_adapters_validation250_gpt41mini_v1_live_2026-06-03.jsonl,3827,validation,final_projected_label,7 per month,7 per month,True,True,cluster_burden;current_vs_historical,none,primary layer is Purist-correct,True,True,,,
gan2026_llm_heavy_evidence_selection_with_deterministic_adapters_validation250_gpt41mini_v1_live_2026-06-03.jsonl,3846,validation,final_projected_label,2 per day,2 per day,True,True,cluster_burden;rate_bucket_or_denominator;current_vs_historical,none,primary layer is Purist-correct,True,True,,,
gan2026_llm_heavy_evidence_selection_with_deterministic_adapters_validation250_gpt41mini_v1_live_2026-06-03.jsonl,3849,validation,final_projected_label,3 per day,3 per day,True,True,cluster_burden;diary_or_log_aggregation;rate_bucket_or_denominator;current_vs_historical,none,primary layer is Purist-correct,True,True,,,
gan2026_llm_heavy_evidence_selection_with_deterministic_adapters_validation250_gpt41mini_v1_live_2026-06-03.jsonl,3889,validation,final_projected_label,8 per year,8 per year,True,True,diary_or_log_aggregation;current_vs_historical,none,primary layer is Purist-correct,True,True,,,
gan2026_llm_heavy_evidence_selection_with_deterministic_adapters_validation250_gpt41mini_v1_live_2026-06-03.jsonl,3892,validation,final_projected_label,3 per year,3 per year,True,True,unclassified,none,primary layer is Purist-correct,True,True,,,
gan2026_llm_heavy_evidence_selection_with_deterministic_adapters_validation250_gpt41mini_v1_live_2026-06-03.jsonl,3940,validation,final_projected_label,4 per week,4 per week,True,True,rate_bucket_or_denominator;current_vs_historical,none,primary layer is Purist-correct,True,True,,,
gan2026_llm_heavy_evidence_selection_with_deterministic_adapters_validation250_gpt41mini_v1_live_2026-06-03.jsonl,3949,validation,final_projected_label,4 per week,4 per week,True,True,diary_or_log_aggregation;rate_bucket_or_denominator;current_vs_historical,none,primary layer is Purist-correct,True,True,,,
gan2026_llm_heavy_evidence_selection_with_deterministic_adapters_validation250_gpt41mini_v1_live_2026-06-03.jsonl,3988,validation,final_projected_label,multiple per week,3 to 7 per week,False,False,cluster_burden;diary_or_log_aggregation;rate_bucket_or_denominator;current_vs_historical;benchmark_format_convention,schema_or_parse,blocking parse/schema errors are recorded,False,True,,,
gan2026_llm_heavy_evidence_selection_with_deterministic_adapters_validation250_gpt41mini_v1_live_2026-06-03.jsonl,3995,validation,final_projected_label,1 per month,multiple per month,False,False,rate_bucket_or_denominator;current_vs_historical;benchmark_format_convention,llm_clinical_selection,raw model clinical selection was already wrong,True,True,,,
gan2026_llm_heavy_evidence_selection_with_deterministic_adapters_validation250_gpt41mini_v1_live_2026-06-03.jsonl,3999,validation,final_projected_label,1 per month,1 per 1 month,True,True,cluster_burden;rate_bucket_or_denominator,none,primary layer is Purist-correct,True,False,,,
gan2026_llm_heavy_evidence_selection_with_deterministic_adapters_validation250_gpt41mini_v1_live_2026-06-03.jsonl,4022,validation,final_projected_label,8 per month,8 per month,True,True,diary_or_log_aggregation;rate_bucket_or_denominator;current_vs_historical,none,primary layer is Purist-correct,True,True,,,
gan2026_llm_heavy_evidence_selection_with_deterministic_adapters_validation250_gpt41mini_v1_live_2026-06-03.jsonl,4026,validation,final_projected_label,1 per month,1 per month,True,True,rate_bucket_or_denominator;competing_semiologies,none,primary layer is Purist-correct,True,True,,,
gan2026_llm_heavy_evidence_selection_with_deterministic_adapters_validation250_gpt41mini_v1_live_2026-06-03.jsonl,4092,validation,final_projected_label,1 per 2 to 3 week,1 per 2 to 3 week,True,True,current_vs_historical,none,primary layer is Purist-correct,True,True,,,
gan2026_llm_heavy_evidence_selection_with_deterministic_adapters_validation250_gpt41mini_v1_live_2026-06-03.jsonl,4100,validation,final_projected_label,1 per 2 to 3 week,1 per 2 to 3 week,True,True,unclassified,none,primary layer is Purist-correct,True,True,,,
gan2026_llm_heavy_evidence_selection_with_deterministic_adapters_validation250_gpt41mini_v1_live_2026-06-03.jsonl,4110,validation,final_projected_label,1 per 1 to 2 day,1 per 1 to 2 day,True,True,unclassified,none,primary layer is Purist-correct,True,True,,,
gan2026_llm_heavy_evidence_selection_with_deterministic_adapters_validation250_gpt41mini_v1_live_2026-06-03.jsonl,4116,validation,final_projected_label,1 per 1 to 2 day,1 per 1 to 2 day,True,True,cluster_burden;rate_bucket_or_denominator;current_vs_historical;competing_semiologies,none,primary layer is Purist-correct,True,True,,,
gan2026_llm_heavy_evidence_selection_with_deterministic_adapters_validation250_gpt41mini_v1_live_2026-06-03.jsonl,4173,validation,final_projected_label,1 per 2 week,1 per 2 week,True,True,cluster_burden;current_vs_historical;benchmark_format_convention,none,primary layer is Purist-correct,False,True,,,
gan2026_llm_heavy_evidence_selection_with_deterministic_adapters_validation250_gpt41mini_v1_live_2026-06-03.jsonl,4243,validation,final_projected_label,1 per 2 to 3 week,1 per 2 to 3 week,True,True,unclassified,none,primary layer is Purist-correct,True,True,,,
gan2026_llm_heavy_evidence_selection_with_deterministic_adapters_validation250_gpt41mini_v1_live_2026-06-03.jsonl,4258,validation,final_projected_label,4 per week,4 per 2 week,True,True,cluster_burden;diary_or_log_aggregation;rate_bucket_or_denominator;current_vs_historical,none,primary layer is Purist-correct,True,True,,,
gan2026_llm_heavy_evidence_selection_with_deterministic_adapters_validation250_gpt41mini_v1_live_2026-06-03.jsonl,4337,validation,final_projected_label,3 per 3 month,3 per 7 month,False,True,diary_or_log_aggregation;competing_semiologies,llm_clinical_selection,raw model clinical selection was already wrong,True,True,,,
gan2026_llm_heavy_evidence_selection_with_deterministic_adapters_validation250_gpt41mini_v1_live_2026-06-03.jsonl,4345,validation,final_projected_label,4 per month,4 per month,True,True,competing_semiologies,none,primary layer is Purist-correct,True,True,,,
gan2026_llm_heavy_evidence_selection_with_deterministic_adapters_validation250_gpt41mini_v1_live_2026-06-03.jsonl,4368,validation,final_projected_label,5 per 2 month,no seizure frequency reference,False,False,diary_or_log_aggregation,final_projection,final projection regressed a mechanical-correct row,True,True,,,
gan2026_llm_heavy_evidence_selection_with_deterministic_adapters_validation250_gpt41mini_v1_live_2026-06-03.jsonl,4402,validation,final_projected_label,7 per 7 month,7 per 7 month,True,True,unclassified,none,primary layer is Purist-correct,True,True,,,
gan2026_llm_heavy_evidence_selection_with_deterministic_adapters_validation250_gpt41mini_v1_live_2026-06-03.jsonl,4410,validation,final_projected_label,4 per 7 month,4 per 7 month,True,True,unclassified,none,primary layer is Purist-correct,True,True,,,
gan2026_llm_heavy_evidence_selection_with_deterministic_adapters_validation250_gpt41mini_v1_live_2026-06-03.jsonl,4478,validation,final_projected_label,19 per week,19 per 7 day,True,True,diary_or_log_aggregation;rate_bucket_or_denominator;current_vs_historical;competing_semiologies,none,primary layer is Purist-correct,True,True,,,
gan2026_llm_heavy_evidence_selection_with_deterministic_adapters_validation250_gpt41mini_v1_live_2026-06-03.jsonl,4480,validation,final_projected_label,3 to 5 per week,3 to 5 per week,True,True,rate_bucket_or_denominator;current_vs_historical,none,primary layer is Purist-correct,True,True,,,
gan2026_llm_heavy_evidence_selection_with_deterministic_adapters_validation250_gpt41mini_v1_live_2026-06-03.jsonl,4496,validation,final_projected_label,7 to 8 per 3 month,7 to 8 per 3 month,True,True,cluster_burden;competing_semiologies,none,primary layer is Purist-correct,True,True,,,
gan2026_llm_heavy_evidence_selection_with_deterministic_adapters_validation250_gpt41mini_v1_live_2026-06-03.jsonl,4562,validation,final_projected_label,1 per 6 week,1 per 6 week,True,True,unclassified,none,primary layer is Purist-correct,True,True,,,
gan2026_llm_heavy_evidence_selection_with_deterministic_adapters_validation250_gpt41mini_v1_live_2026-06-03.jsonl,4563,validation,final_projected_label,1 per 4 month,1 per 4 month,True,True,current_vs_historical,none,primary layer is Purist-correct,True,True,,,
gan2026_llm_heavy_evidence_selection_with_deterministic_adapters_validation250_gpt41mini_v1_live_2026-06-03.jsonl,4574,validation,final_projected_label,1 per 4 week,1 per 4 week,True,True,unclassified,none,primary layer is Purist-correct,True,True,,,
gan2026_llm_heavy_evidence_selection_with_deterministic_adapters_validation250_gpt41mini_v1_live_2026-06-03.jsonl,4592,validation,final_projected_label,1 per 2 month,1 per 60 day,True,True,cluster_burden,none,primary layer is Purist-correct,True,False,,,
gan2026_llm_heavy_evidence_selection_with_deterministic_adapters_validation250_gpt41mini_v1_live_2026-06-03.jsonl,4597,validation,final_projected_label,1 per 3 week,1 per 3 week,True,True,current_vs_historical;competing_semiologies,none,primary layer is Purist-correct,True,True,,,
gan2026_llm_heavy_evidence_selection_with_deterministic_adapters_validation250_gpt41mini_v1_live_2026-06-03.jsonl,4624,validation,final_projected_label,1 per 3 to 4 day,1 per 3 to 4 day,True,True,cluster_burden;current_vs_historical;competing_semiologies,none,primary layer is Purist-correct,True,True,,,
gan2026_llm_heavy_evidence_selection_with_deterministic_adapters_validation250_gpt41mini_v1_live_2026-06-03.jsonl,4631,validation,final_projected_label,1 per 14 to 21 day,1 per 14 to 21 day,True,True,unclassified,none,primary layer is Purist-correct,True,True,,,
gan2026_llm_heavy_evidence_selection_with_deterministic_adapters_validation250_gpt41mini_v1_live_2026-06-03.jsonl,4690,validation,final_projected_label,multiple per day,frequent per day,False,False,rate_bucket_or_denominator;benchmark_format_convention,operand_exposure,model did not expose complete adapter operands,True,False,,,
gan2026_llm_heavy_evidence_selection_with_deterministic_adapters_validation250_gpt41mini_v1_live_2026-06-03.jsonl,4694,validation,final_projected_label,multiple per day,9 per day,False,False,rate_bucket_or_denominator;benchmark_format_convention,llm_clinical_selection,raw model clinical selection was already wrong,True,True,,,
gan2026_llm_heavy_evidence_selection_with_deterministic_adapters_validation250_gpt41mini_v1_live_2026-06-03.jsonl,4700,validation,final_projected_label,multiple per day,4 per day,False,False,rate_bucket_or_denominator;benchmark_format_convention,llm_clinical_selection,raw model clinical selection was already wrong,True,True,,,
gan2026_llm_heavy_evidence_selection_with_deterministic_adapters_validation250_gpt41mini_v1_live_2026-06-03.jsonl,4709,validation,final_projected_label,multiple per day,6 per year,False,False,rate_bucket_or_denominator;benchmark_format_convention,llm_clinical_selection,raw model clinical selection was already wrong,True,True,,,
gan2026_llm_heavy_evidence_selection_with_deterministic_adapters_validation250_gpt41mini_v1_live_2026-06-03.jsonl,4731,validation,final_projected_label,unknown,rare per unspecified unit,False,False,unknown_boundary;current_vs_historical;uncertainty_or_ambiguity,operand_exposure,model did not expose complete adapter operands,True,False,,,
gan2026_llm_heavy_evidence_selection_with_deterministic_adapters_validation250_gpt41mini_v1_live_2026-06-03.jsonl,4732,validation,final_projected_label,unknown,occasional,False,False,unknown_boundary;cluster_burden;current_vs_historical;uncertainty_or_ambiguity,operand_exposure,model did not expose complete adapter operands,True,False,,,
gan2026_llm_heavy_evidence_selection_with_deterministic_adapters_validation250_gpt41mini_v1_live_2026-06-03.jsonl,4771,validation,final_projected_label,unknown,1 per month,False,False,unknown_boundary;cluster_burden;current_vs_historical;competing_semiologies;uncertainty_or_ambiguity,llm_clinical_selection,raw model clinical selection was already wrong,True,True,,,
gan2026_llm_heavy_evidence_selection_with_deterministic_adapters_validation250_gpt41mini_v1_live_2026-06-03.jsonl,4839,validation,final_projected_label,seizure free for multiple month,seizure free for 4 month,True,True,seizure_free_duration;diary_or_log_aggregation;current_vs_historical;competing_semiologies,none,primary layer is Purist-correct,True,True,,,
gan2026_llm_heavy_evidence_selection_with_deterministic_adapters_validation250_gpt41mini_v1_live_2026-06-03.jsonl,4842,validation,final_projected_label,seizure free for multiple month,seizure free,True,True,seizure_free_duration;current_vs_historical,none,primary layer is Purist-correct,True,False,,,
gan2026_llm_heavy_evidence_selection_with_deterministic_adapters_validation250_gpt41mini_v1_live_2026-06-03.jsonl,4910,validation,final_projected_label,seizure free for 2 year,seizure free for 2 year,True,True,seizure_free_duration;current_vs_historical,none,primary layer is Purist-correct,True,True,,,
gan2026_llm_heavy_evidence_selection_with_deterministic_adapters_validation250_gpt41mini_v1_live_2026-06-03.jsonl,4919,validation,final_projected_label,seizure free for 2 year,seizure free for 2 year,True,True,seizure_free_duration;current_vs_historical;competing_semiologies;uncertainty_or_ambiguity,none,primary layer is Purist-correct,True,True,,,
gan2026_llm_heavy_evidence_selection_with_deterministic_adapters_validation250_gpt41mini_v1_live_2026-06-03.jsonl,4926,validation,final_projected_label,seizure free for 1 year,seizure free for 1 year,True,True,seizure_free_duration,none,primary layer is Purist-correct,True,True,,,
gan2026_llm_heavy_evidence_selection_with_deterministic_adapters_validation250_gpt41mini_v1_live_2026-06-03.jsonl,4951,validation,final_projected_label,seizure free for multiple month,seizure free for 7 month,True,True,seizure_free_duration;diary_or_log_aggregation;current_vs_historical;competing_semiologies,none,primary layer is Purist-correct,False,True,,,
gan2026_llm_heavy_evidence_selection_with_deterministic_adapters_validation250_gpt41mini_v1_live_2026-06-03.jsonl,4956,validation,final_projected_label,seizure free for 7 month,seizure free for 7 month,True,True,seizure_free_duration;current_vs_historical;competing_semiologies,none,primary layer is Purist-correct,True,True,,,
gan2026_llm_heavy_evidence_selection_with_deterministic_adapters_validation250_gpt41mini_v1_live_2026-06-03.jsonl,4992,validation,final_projected_label,seizure free for 11 month,seizure free for 11 month,True,True,seizure_free_duration;current_vs_historical,none,primary layer is Purist-correct,True,True,,,
gan2026_llm_heavy_evidence_selection_with_deterministic_adapters_validation250_gpt41mini_v1_live_2026-06-03.jsonl,4994,validation,final_projected_label,seizure free for 6 month,seizure free for 6 month,True,True,seizure_free_duration;current_vs_historical,none,primary layer is Purist-correct,True,True,,,
gan2026_llm_heavy_evidence_selection_with_deterministic_adapters_validation250_gpt41mini_v1_live_2026-06-03.jsonl,5040,validation,final_projected_label,seizure free for 6 months,seizure free for 6 month,True,True,seizure_free_duration;current_vs_historical,none,primary layer is Purist-correct,True,True,,,
gan2026_llm_heavy_evidence_selection_with_deterministic_adapters_validation250_gpt41mini_v1_live_2026-06-03.jsonl,5082,validation,final_projected_label,seizure free for multiple month,seizure free for 6 month,True,True,seizure_free_duration;current_vs_historical,none,primary layer is Purist-correct,True,True,,,
gan2026_llm_heavy_evidence_selection_with_deterministic_adapters_validation250_gpt41mini_v1_live_2026-06-03.jsonl,5092,validation,final_projected_label,seizure free for multiple month,no seizure frequency reference,False,False,seizure_free_duration;current_vs_historical,llm_clinical_selection,raw model clinical selection was already wrong,True,True,,,
gan2026_llm_heavy_evidence_selection_with_deterministic_adapters_validation250_gpt41mini_v1_live_2026-06-03.jsonl,5110,validation,final_projected_label,seizure free for multiple month,no seizure frequency reference,False,False,seizure_free_duration;diary_or_log_aggregation,llm_clinical_selection,raw model clinical selection was already wrong,True,True,,,
gan2026_llm_heavy_evidence_selection_with_deterministic_adapters_validation250_gpt41mini_v1_live_2026-06-03.jsonl,5121,validation,final_projected_label,seizure free for multiple month,no seizure frequency reference,False,False,seizure_free_duration;current_vs_historical;competing_semiologies,llm_clinical_selection,raw model clinical selection was already wrong,True,True,,,
gan2026_llm_heavy_evidence_selection_with_deterministic_adapters_validation250_gpt41mini_v1_live_2026-06-03.jsonl,5136,validation,final_projected_label,seizure free for multiple month,seizure free for 3 month,True,True,seizure_free_duration;diary_or_log_aggregation;current_vs_historical,none,primary layer is Purist-correct,True,True,,,
gan2026_llm_heavy_evidence_selection_with_deterministic_adapters_validation250_gpt41mini_v1_live_2026-06-03.jsonl,5141,validation,final_projected_label,seizure free for multiple month,seizure free for 1.5 month,True,True,seizure_free_duration;current_vs_historical,none,primary layer is Purist-correct,True,True,,,
gan2026_llm_heavy_evidence_selection_with_deterministic_adapters_validation250_gpt41mini_v1_live_2026-06-03.jsonl,5197,validation,final_projected_label,seizure free for multiple month,seizure free,True,True,seizure_free_duration;current_vs_historical,none,primary layer is Purist-correct,True,False,,,
gan2026_llm_heavy_evidence_selection_with_deterministic_adapters_validation250_gpt41mini_v1_live_2026-06-03.jsonl,5210,validation,final_projected_label,seizure free for multiple month,seizure free,True,True,seizure_free_duration;current_vs_historical,none,primary layer is Purist-correct,True,False,,,
gan2026_llm_heavy_evidence_selection_with_deterministic_adapters_validation250_gpt41mini_v1_live_2026-06-03.jsonl,5221,validation,final_projected_label,seizure free for multiple month,seizure free for 1 year,True,True,seizure_free_duration;current_vs_historical;competing_semiologies,none,primary layer is Purist-correct,True,True,,,
gan2026_llm_heavy_evidence_selection_with_deterministic_adapters_validation250_gpt41mini_v1_live_2026-06-03.jsonl,5248,validation,final_projected_label,seizure free for multiple year,seizure free for 2 year,True,True,seizure_free_duration;current_vs_historical;competing_semiologies,none,primary layer is Purist-correct,True,True,,,
gan2026_llm_heavy_evidence_selection_with_deterministic_adapters_validation250_gpt41mini_v1_live_2026-06-03.jsonl,5331,validation,final_projected_label,seizure free for 12 month,seizure free for 12 month,True,True,seizure_free_duration;current_vs_historical,none,primary layer is Purist-correct,True,True,,,
gan2026_llm_heavy_evidence_selection_with_deterministic_adapters_validation250_gpt41mini_v1_live_2026-06-03.jsonl,5345,validation,final_projected_label,seizure free for multiple month,seizure free for 3 to 6 month,True,True,seizure_free_duration,none,primary layer is Purist-correct,True,True,,,
gan2026_llm_heavy_evidence_selection_with_deterministic_adapters_validation250_gpt41mini_v1_live_2026-06-03.jsonl,5351,validation,final_projected_label,seizure free for 18 month,seizure free for 18 month,True,True,seizure_free_duration;competing_semiologies,none,primary layer is Purist-correct,True,True,,,
gan2026_llm_heavy_evidence_selection_with_deterministic_adapters_validation250_gpt41mini_v1_live_2026-06-03.jsonl,5379,validation,final_projected_label,seizure free for multiple month,seizure free for 6 month,True,True,seizure_free_duration;current_vs_historical;competing_semiologies,none,primary layer is Purist-correct,True,True,,,
gan2026_llm_heavy_evidence_selection_with_deterministic_adapters_validation250_gpt41mini_v1_live_2026-06-03.jsonl,5406,validation,final_projected_label,seizure free for multiple month,0 per 2 month,True,True,seizure_free_duration;current_vs_historical,none,primary layer is Purist-correct,True,True,,,
gan2026_llm_heavy_evidence_selection_with_deterministic_adapters_validation250_gpt41mini_v1_live_2026-06-03.jsonl,5476,validation,final_projected_label,unknown,1 per month,False,False,unknown_boundary;cluster_burden;rate_bucket_or_denominator;uncertainty_or_ambiguity,llm_clinical_selection,raw model clinical selection was already wrong,True,True,,,
gan2026_llm_heavy_evidence_selection_with_deterministic_adapters_validation250_gpt41mini_v1_live_2026-06-03.jsonl,5490,validation,final_projected_label,unknown,unknown,True,True,unknown_boundary;diary_or_log_aggregation;rate_bucket_or_denominator;competing_semiologies;uncertainty_or_ambiguity,none,primary layer is Purist-correct,False,True,,,
gan2026_llm_heavy_evidence_selection_with_deterministic_adapters_validation250_gpt41mini_v1_live_2026-06-03.jsonl,5491,validation,final_projected_label,unknown,2 per 6 week,False,False,unknown_boundary;current_vs_historical;competing_semiologies;uncertainty_or_ambiguity,llm_clinical_selection,raw model clinical selection was already wrong,True,True,,,
gan2026_llm_heavy_evidence_selection_with_deterministic_adapters_validation250_gpt41mini_v1_live_2026-06-03.jsonl,5504,validation,final_projected_label,unknown,occasional per year,False,False,unknown_boundary;uncertainty_or_ambiguity,operand_exposure,model did not expose complete adapter operands,True,False,,,
gan2026_llm_heavy_evidence_selection_with_deterministic_adapters_validation250_gpt41mini_v1_live_2026-06-03.jsonl,5507,validation,final_projected_label,unknown,3 per 4 month,False,False,unknown_boundary;current_vs_historical;uncertainty_or_ambiguity,llm_clinical_selection,raw model clinical selection was already wrong,True,True,,,
gan2026_llm_heavy_evidence_selection_with_deterministic_adapters_validation250_gpt41mini_v1_live_2026-06-03.jsonl,5528,validation,final_projected_label,1 per month,1 per month,True,True,current_vs_historical,none,primary layer is Purist-correct,True,True,,,
gan2026_llm_heavy_evidence_selection_with_deterministic_adapters_validation250_gpt41mini_v1_live_2026-06-03.jsonl,5534,validation,final_projected_label,1 per multiple month,1 per 14 day,False,False,unclassified,llm_clinical_selection,raw model clinical selection was already wrong,True,True,,,
gan2026_llm_heavy_evidence_selection_with_deterministic_adapters_validation250_gpt41mini_v1_live_2026-06-03.jsonl,5551,validation,final_projected_label,multiple per day,multiple per day,True,True,rate_bucket_or_denominator;current_vs_historical;competing_semiologies;benchmark_format_convention,none,primary layer is Purist-correct,True,True,,,
gan2026_llm_heavy_evidence_selection_with_deterministic_adapters_validation250_gpt41mini_v1_live_2026-06-03.jsonl,5567,validation,final_projected_label,multiple per week,multiple per week,True,True,rate_bucket_or_denominator;current_vs_historical;competing_semiologies;benchmark_format_convention,none,primary layer is Purist-correct,True,True,,,
gan2026_llm_heavy_evidence_selection_with_deterministic_adapters_validation250_gpt41mini_v1_live_2026-06-03.jsonl,5584,validation,final_projected_label,multiple per week,multiple per week,True,True,cluster_burden;rate_bucket_or_denominator;benchmark_format_convention,none,primary layer is Purist-correct,True,True,,,
gan2026_hybrid_parallel_state_candidate_reasoner_validation750_gpt41mini_v0_deterministic_safety_floor_v2_replay_2026-06-03.jsonl,10,validation,hybrid_adjudicator_with_adapters,4 per day,4 per day,True,True,rate_bucket_or_denominator,none,primary layer is Purist-correct,True,,True,True,True
gan2026_hybrid_parallel_state_candidate_reasoner_validation750_gpt41mini_v0_deterministic_safety_floor_v2_replay_2026-06-03.jsonl,40,validation,hybrid_adjudicator_with_adapters,4 per week,4 per week,True,True,rate_bucket_or_denominator,none,primary layer is Purist-correct,True,,True,True,True
gan2026_hybrid_parallel_state_candidate_reasoner_validation750_gpt41mini_v0_deterministic_safety_floor_v2_replay_2026-06-03.jsonl,79,validation,hybrid_adjudicator_with_adapters,6 to 7 per year,6 to 7 per year,True,True,current_vs_historical,none,primary layer is Purist-correct,True,,True,True,True
gan2026_hybrid_parallel_state_candidate_reasoner_validation750_gpt41mini_v0_deterministic_safety_floor_v2_replay_2026-06-03.jsonl,103,validation,hybrid_adjudicator_with_adapters,2 to 4 per year,2 to 4 per year,True,True,current_vs_historical,none,primary layer is Purist-correct,True,,True,True,True
gan2026_hybrid_parallel_state_candidate_reasoner_validation750_gpt41mini_v0_deterministic_safety_floor_v2_replay_2026-06-03.jsonl,128,validation,hybrid_adjudicator_with_adapters,17 per month,17 per month,True,True,current_vs_historical,none,primary layer is Purist-correct,True,,True,True,True
gan2026_hybrid_parallel_state_candidate_reasoner_validation750_gpt41mini_v0_deterministic_safety_floor_v2_replay_2026-06-03.jsonl,156,validation,hybrid_adjudicator_with_adapters,1 per 6 day,1 per 6 day,True,True,unclassified,none,primary layer is Purist-correct,True,,True,True,True
gan2026_hybrid_parallel_state_candidate_reasoner_validation750_gpt41mini_v0_deterministic_safety_floor_v2_replay_2026-06-03.jsonl,180,validation,hybrid_adjudicator_with_adapters,1 per 7 day,1 per 7 day,True,True,unclassified,none,primary layer is Purist-correct,True,,True,True,True
gan2026_hybrid_parallel_state_candidate_reasoner_validation750_gpt41mini_v0_deterministic_safety_floor_v2_replay_2026-06-03.jsonl,182,validation,hybrid_adjudicator_with_adapters,1 per 2 day,1 per 2 day,True,True,unclassified,none,primary layer is Purist-correct,True,,True,True,True
gan2026_hybrid_parallel_state_candidate_reasoner_validation750_gpt41mini_v0_deterministic_safety_floor_v2_replay_2026-06-03.jsonl,187,validation,hybrid_adjudicator_with_adapters,1 per 7 to 9 day,1 per 7 to 9 day,True,True,cluster_burden,none,primary layer is Purist-correct,True,,True,True,True
gan2026_hybrid_parallel_state_candidate_reasoner_validation750_gpt41mini_v0_deterministic_safety_floor_v2_replay_2026-06-03.jsonl,190,validation,hybrid_adjudicator_with_adapters,1 per 4 week,1 per 4 week,True,True,cluster_burden;competing_semiologies,none,primary layer is Purist-correct,True,,True,True,True
gan2026_hybrid_parallel_state_candidate_reasoner_validation750_gpt41mini_v0_deterministic_safety_floor_v2_replay_2026-06-03.jsonl,198,validation,hybrid_adjudicator_with_adapters,1 per 4 week,1 per 4 week,True,True,unclassified,none,primary layer is Purist-correct,True,,True,True,True
gan2026_hybrid_parallel_state_candidate_reasoner_validation750_gpt41mini_v0_deterministic_safety_floor_v2_replay_2026-06-03.jsonl,212,validation,hybrid_adjudicator_with_adapters,1 per 3 to 4 week,1 per 3 to 4 week,True,True,unclassified,none,primary layer is Purist-correct,True,,True,True,True
gan2026_hybrid_parallel_state_candidate_reasoner_validation750_gpt41mini_v0_deterministic_safety_floor_v2_replay_2026-06-03.jsonl,218,validation,hybrid_adjudicator_with_adapters,1 per 3 week,1 per 3 week,True,True,current_vs_historical,none,primary layer is Purist-correct,True,,True,True,True
gan2026_hybrid_parallel_state_candidate_reasoner_validation750_gpt41mini_v0_deterministic_safety_floor_v2_replay_2026-06-03.jsonl,243,validation,hybrid_adjudicator_with_adapters,1 per 4 month,1 per 4 month,True,True,unclassified,none,primary layer is Purist-correct,True,,True,True,True
gan2026_hybrid_parallel_state_candidate_reasoner_validation750_gpt41mini_v0_deterministic_safety_floor_v2_replay_2026-06-03.jsonl,278,validation,hybrid_adjudicator_with_adapters,multiple per week,multiple per week,True,True,rate_bucket_or_denominator;current_vs_historical;benchmark_format_convention,none,primary layer is Purist-correct,True,,True,True,True
gan2026_hybrid_parallel_state_candidate_reasoner_validation750_gpt41mini_v0_deterministic_safety_floor_v2_replay_2026-06-03.jsonl,280,validation,hybrid_adjudicator_with_adapters,multiple per day,multiple per day,True,True,rate_bucket_or_denominator;current_vs_historical;benchmark_format_convention,none,primary layer is Purist-correct,True,,True,True,True
gan2026_hybrid_parallel_state_candidate_reasoner_validation750_gpt41mini_v0_deterministic_safety_floor_v2_replay_2026-06-03.jsonl,338,validation,hybrid_adjudicator_with_adapters,multiple per month,no seizure frequency reference,True,True,current_vs_historical;benchmark_format_convention,none,primary layer is Purist-correct,True,,True,False,False
gan2026_hybrid_parallel_state_candidate_reasoner_validation750_gpt41mini_v0_deterministic_safety_floor_v2_replay_2026-06-03.jsonl,409,validation,hybrid_adjudicator_with_adapters,1 per month,1 per month,True,True,unclassified,none,primary layer is Purist-correct,True,,True,True,True
gan2026_hybrid_parallel_state_candidate_reasoner_validation750_gpt41mini_v0_deterministic_safety_floor_v2_replay_2026-06-03.jsonl,419,validation,hybrid_adjudicator_with_adapters,2 per year,2 per year,True,True,unclassified,none,primary layer is Purist-correct,True,,True,True,True
gan2026_hybrid_parallel_state_candidate_reasoner_validation750_gpt41mini_v0_deterministic_safety_floor_v2_replay_2026-06-03.jsonl,446,validation,hybrid_adjudicator_with_adapters,2 per week,2 per week,True,True,rate_bucket_or_denominator,none,primary layer is Purist-correct,True,,True,True,True
gan2026_hybrid_parallel_state_candidate_reasoner_validation750_gpt41mini_v0_deterministic_safety_floor_v2_replay_2026-06-03.jsonl,466,validation,hybrid_adjudicator_with_adapters,21 to 28 per month,21 to 28 per month,True,True,unclassified,none,primary layer is Purist-correct,True,,True,True,True
gan2026_hybrid_parallel_state_candidate_reasoner_validation750_gpt41mini_v0_deterministic_safety_floor_v2_replay_2026-06-03.jsonl,467,validation,hybrid_adjudicator_with_adapters,9 per month,9 per month,True,True,current_vs_historical,none,primary layer is Purist-correct,True,,True,True,True
gan2026_hybrid_parallel_state_candidate_reasoner_validation750_gpt41mini_v0_deterministic_safety_floor_v2_replay_2026-06-03.jsonl,531,validation,hybrid_adjudicator_with_adapters,12 to 30 per 3 month,12 to 30 per 3 month,True,True,unclassified,none,primary layer is Purist-correct,True,,True,True,True
gan2026_hybrid_parallel_state_candidate_reasoner_validation750_gpt41mini_v0_deterministic_safety_floor_v2_replay_2026-06-03.jsonl,598,validation,hybrid_adjudicator_with_adapters,1 per 8 month,1 per 8 month,True,True,unclassified,none,primary layer is Purist-correct,True,,True,True,True
gan2026_hybrid_parallel_state_candidate_reasoner_validation750_gpt41mini_v0_deterministic_safety_floor_v2_replay_2026-06-03.jsonl,659,validation,hybrid_adjudicator_with_adapters,2 per 4 day,2 per 4 day,True,True,unclassified,none,primary layer is Purist-correct,True,,True,True,True
gan2026_hybrid_parallel_state_candidate_reasoner_validation750_gpt41mini_v0_deterministic_safety_floor_v2_replay_2026-06-03.jsonl,665,validation,hybrid_adjudicator_with_adapters,2 per 2 week,2 per 2 week,True,True,unclassified,none,primary layer is Purist-correct,True,,True,True,True
gan2026_hybrid_parallel_state_candidate_reasoner_validation750_gpt41mini_v0_deterministic_safety_floor_v2_replay_2026-06-03.jsonl,678,validation,hybrid_adjudicator_with_adapters,2 per 4 month,2 per 4 month,True,True,unclassified,none,primary layer is Purist-correct,True,,True,True,True
gan2026_hybrid_parallel_state_candidate_reasoner_validation750_gpt41mini_v0_deterministic_safety_floor_v2_replay_2026-06-03.jsonl,694,validation,hybrid_adjudicator_with_adapters,1 per week,1 per week,True,True,rate_bucket_or_denominator;current_vs_historical,none,primary layer is Purist-correct,True,,True,True,True
gan2026_hybrid_parallel_state_candidate_reasoner_validation750_gpt41mini_v0_deterministic_safety_floor_v2_replay_2026-06-03.jsonl,704,validation,hybrid_adjudicator_with_adapters,2 per month,2 per month,True,True,cluster_burden,none,primary layer is Purist-correct,True,,True,True,True
gan2026_hybrid_parallel_state_candidate_reasoner_validation750_gpt41mini_v0_deterministic_safety_floor_v2_replay_2026-06-03.jsonl,725,validation,hybrid_adjudicator_with_adapters,1 per day,1 per day,True,True,rate_bucket_or_denominator,none,primary layer is Purist-correct,True,,True,True,True
gan2026_hybrid_parallel_state_candidate_reasoner_validation750_gpt41mini_v0_deterministic_safety_floor_v2_replay_2026-06-03.jsonl,731,validation,hybrid_adjudicator_with_adapters,1 per day,1 per day,True,True,rate_bucket_or_denominator,none,primary layer is Purist-correct,True,,True,True,True
gan2026_hybrid_parallel_state_candidate_reasoner_validation750_gpt41mini_v0_deterministic_safety_floor_v2_replay_2026-06-03.jsonl,743,validation,hybrid_adjudicator_with_adapters,multiple per week,no seizure frequency reference,True,True,rate_bucket_or_denominator;benchmark_format_convention,none,primary layer is Purist-correct,True,,True,False,False
gan2026_hybrid_parallel_state_candidate_reasoner_validation750_gpt41mini_v0_deterministic_safety_floor_v2_replay_2026-06-03.jsonl,744,validation,hybrid_adjudicator_with_adapters,multiple per week,multiple per week,True,True,cluster_burden;rate_bucket_or_denominator;current_vs_historical;competing_semiologies;benchmark_format_convention,none,primary layer is Purist-correct,True,,True,True,True
gan2026_hybrid_parallel_state_candidate_reasoner_validation750_gpt41mini_v0_deterministic_safety_floor_v2_replay_2026-06-03.jsonl,763,validation,hybrid_adjudicator_with_adapters,1 per week,1 per week,True,True,rate_bucket_or_denominator,none,primary layer is Purist-correct,True,,True,True,True
gan2026_hybrid_parallel_state_candidate_reasoner_validation750_gpt41mini_v0_deterministic_safety_floor_v2_replay_2026-06-03.jsonl,790,validation,hybrid_adjudicator_with_adapters,1 per 7 to 10 day,1 per 7 to 10 day,True,True,rate_bucket_or_denominator,none,primary layer is Purist-correct,True,,True,True,True
gan2026_hybrid_parallel_state_candidate_reasoner_validation750_gpt41mini_v0_deterministic_safety_floor_v2_replay_2026-06-03.jsonl,816,validation,hybrid_adjudicator_with_adapters,1 per month,1 per month,True,True,rate_bucket_or_denominator;current_vs_historical;competing_semiologies,none,primary layer is Purist-correct,True,,True,True,True
gan2026_hybrid_parallel_state_candidate_reasoner_validation750_gpt41mini_v0_deterministic_safety_floor_v2_replay_2026-06-03.jsonl,849,validation,hybrid_adjudicator_with_adapters,1 per year,1 per year,True,True,rate_bucket_or_denominator,none,primary layer is Purist-correct,True,,True,True,True
gan2026_hybrid_parallel_state_candidate_reasoner_validation750_gpt41mini_v0_deterministic_safety_floor_v2_replay_2026-06-03.jsonl,854,validation,hybrid_adjudicator_with_adapters,1 per year,1 per year,True,True,rate_bucket_or_denominator,none,primary layer is Purist-correct,True,,True,True,True
gan2026_hybrid_parallel_state_candidate_reasoner_validation750_gpt41mini_v0_deterministic_safety_floor_v2_replay_2026-06-03.jsonl,869,validation,hybrid_adjudicator_with_adapters,multiple per month,no seizure frequency reference,True,True,rate_bucket_or_denominator;benchmark_format_convention,none,primary layer is Purist-correct,True,,True,False,False
gan2026_hybrid_parallel_state_candidate_reasoner_validation750_gpt41mini_v0_deterministic_safety_floor_v2_replay_2026-06-03.jsonl,891,validation,hybrid_adjudicator_with_adapters,1 per 2 day,1 per 2 day,True,True,current_vs_historical;benchmark_format_convention,none,primary layer is Purist-correct,True,,True,True,True
gan2026_hybrid_parallel_state_candidate_reasoner_validation750_gpt41mini_v0_deterministic_safety_floor_v2_replay_2026-06-03.jsonl,899,validation,hybrid_adjudicator_with_adapters,1 per 2 week,1 per 2 week,True,True,current_vs_historical;benchmark_format_convention,none,primary layer is Purist-correct,True,,True,True,True
gan2026_hybrid_parallel_state_candidate_reasoner_validation750_gpt41mini_v0_deterministic_safety_floor_v2_replay_2026-06-03.jsonl,959,validation,hybrid_adjudicator_with_adapters,1 per 2 month,1 per 2 month,True,True,rate_bucket_or_denominator;benchmark_format_convention,none,primary layer is Purist-correct,True,,True,True,True
gan2026_hybrid_parallel_state_candidate_reasoner_validation750_gpt41mini_v0_deterministic_safety_floor_v2_replay_2026-06-03.jsonl,960,validation,hybrid_adjudicator_with_adapters,1 per 2 month,1 per 2 month,True,True,rate_bucket_or_denominator;benchmark_format_convention,none,primary layer is Purist-correct,True,,True,True,True
gan2026_hybrid_parallel_state_candidate_reasoner_validation750_gpt41mini_v0_deterministic_safety_floor_v2_replay_2026-06-03.jsonl,978,validation,hybrid_adjudicator_with_adapters,1 per 2 month,1 per 2 month,True,True,rate_bucket_or_denominator;benchmark_format_convention,none,primary layer is Purist-correct,True,,True,True,True
gan2026_hybrid_parallel_state_candidate_reasoner_validation750_gpt41mini_v0_deterministic_safety_floor_v2_replay_2026-06-03.jsonl,987,validation,hybrid_adjudicator_with_adapters,1 per 2 month,1 per 2 month,True,True,rate_bucket_or_denominator;benchmark_format_convention,none,primary layer is Purist-correct,True,,True,True,True
gan2026_hybrid_parallel_state_candidate_reasoner_validation750_gpt41mini_v0_deterministic_safety_floor_v2_replay_2026-06-03.jsonl,1030,validation,hybrid_adjudicator_with_adapters,1 to 3 per month,1 to 3 per month,True,True,current_vs_historical,none,primary layer is Purist-correct,True,,True,True,True
gan2026_hybrid_parallel_state_candidate_reasoner_validation750_gpt41mini_v0_deterministic_safety_floor_v2_replay_2026-06-03.jsonl,1046,validation,hybrid_adjudicator_with_adapters,3 to 5 per month,3 to 5 per month,True,True,current_vs_historical,none,primary layer is Purist-correct,True,,True,True,True
gan2026_hybrid_parallel_state_candidate_reasoner_validation750_gpt41mini_v0_deterministic_safety_floor_v2_replay_2026-06-03.jsonl,1070,validation,hybrid_adjudicator_with_adapters,3 to 4 per week,3 to 4 per week,True,True,rate_bucket_or_denominator;current_vs_historical,none,primary layer is Purist-correct,True,,True,True,True
gan2026_hybrid_parallel_state_candidate_reasoner_validation750_gpt41mini_v0_deterministic_safety_floor_v2_replay_2026-06-03.jsonl,1094,validation,hybrid_adjudicator_with_adapters,3 to 5 per week,3 to 5 per week,True,True,rate_bucket_or_denominator;current_vs_historical,none,primary layer is Purist-correct,True,,True,True,True
gan2026_hybrid_parallel_state_candidate_reasoner_validation750_gpt41mini_v0_deterministic_safety_floor_v2_replay_2026-06-03.jsonl,1165,validation,hybrid_adjudicator_with_adapters,5 to 7 per 3 week,5 to 7 per 3 week,True,True,competing_semiologies,none,primary layer is Purist-correct,True,,True,True,True
gan2026_hybrid_parallel_state_candidate_reasoner_validation750_gpt41mini_v0_deterministic_safety_floor_v2_replay_2026-06-03.jsonl,1171,validation,hybrid_adjudicator_with_adapters,7 to 9 per 3 week,7 to 9 per 3 week,True,True,competing_semiologies,none,primary layer is Purist-correct,True,,True,True,True
gan2026_hybrid_parallel_state_candidate_reasoner_validation750_gpt41mini_v0_deterministic_safety_floor_v2_replay_2026-06-03.jsonl,1207,validation,hybrid_adjudicator_with_adapters,21 to 28 per 3 month,21 to 28 per 3 month,True,True,unclassified,none,primary layer is Purist-correct,True,,True,True,True
gan2026_hybrid_parallel_state_candidate_reasoner_validation750_gpt41mini_v0_deterministic_safety_floor_v2_replay_2026-06-03.jsonl,1223,validation,hybrid_adjudicator_with_adapters,3 to 4 per week,3 to 4 per week,True,True,rate_bucket_or_denominator;competing_semiologies,none,primary layer is Purist-correct,True,,True,True,True
gan2026_hybrid_parallel_state_candidate_reasoner_validation750_gpt41mini_v0_deterministic_safety_floor_v2_replay_2026-06-03.jsonl,1249,validation,hybrid_adjudicator_with_adapters,2 to 4 per week,2 to 4 per week,True,True,rate_bucket_or_denominator;competing_semiologies,none,primary layer is Purist-correct,True,,True,True,True
gan2026_hybrid_parallel_state_candidate_reasoner_validation750_gpt41mini_v0_deterministic_safety_floor_v2_replay_2026-06-03.jsonl,1281,validation,hybrid_adjudicator_with_adapters,5 to 7 per year,5 to 7 per year,True,True,unclassified,none,primary layer is Purist-correct,True,,True,True,True
gan2026_hybrid_parallel_state_candidate_reasoner_validation750_gpt41mini_v0_deterministic_safety_floor_v2_replay_2026-06-03.jsonl,1317,validation,hybrid_adjudicator_with_adapters,"unknown, multiple per cluster",no seizure frequency reference,True,True,cluster_burden;diary_or_log_aggregation;uncertainty_or_ambiguity;benchmark_format_convention,none,primary layer is Purist-correct,True,,True,False,False
gan2026_hybrid_parallel_state_candidate_reasoner_validation750_gpt41mini_v0_deterministic_safety_floor_v2_replay_2026-06-03.jsonl,1357,validation,hybrid_adjudicator_with_adapters,1 per day,1 per day,True,True,rate_bucket_or_denominator;competing_semiologies,none,primary layer is Purist-correct,True,,True,True,True
gan2026_hybrid_parallel_state_candidate_reasoner_validation750_gpt41mini_v0_deterministic_safety_floor_v2_replay_2026-06-03.jsonl,1363,validation,hybrid_adjudicator_with_adapters,3 per day,3 per day,True,True,rate_bucket_or_denominator;competing_semiologies,none,primary layer is Purist-correct,True,,True,True,True
gan2026_hybrid_parallel_state_candidate_reasoner_validation750_gpt41mini_v0_deterministic_safety_floor_v2_replay_2026-06-03.jsonl,1413,validation,hybrid_adjudicator_with_adapters,9 per month,9 per month,True,True,current_vs_historical;competing_semiologies,none,primary layer is Purist-correct,True,,True,True,True
gan2026_hybrid_parallel_state_candidate_reasoner_validation750_gpt41mini_v0_deterministic_safety_floor_v2_replay_2026-06-03.jsonl,1454,validation,hybrid_adjudicator_with_adapters,7 per week,7 per week,True,True,rate_bucket_or_denominator;current_vs_historical;competing_semiologies,none,primary layer is Purist-correct,True,,True,True,True
gan2026_hybrid_parallel_state_candidate_reasoner_validation750_gpt41mini_v0_deterministic_safety_floor_v2_replay_2026-06-03.jsonl,1486,validation,hybrid_adjudicator_with_adapters,3 per month,3 per month,True,True,current_vs_historical;competing_semiologies,none,primary layer is Purist-correct,True,,True,True,True
gan2026_hybrid_parallel_state_candidate_reasoner_validation750_gpt41mini_v0_deterministic_safety_floor_v2_replay_2026-06-03.jsonl,1573,validation,hybrid_adjudicator_with_adapters,11 per week,11 per week,True,True,rate_bucket_or_denominator;current_vs_historical;competing_semiologies,none,primary layer is Purist-correct,True,,True,True,True
gan2026_hybrid_parallel_state_candidate_reasoner_validation750_gpt41mini_v0_deterministic_safety_floor_v2_replay_2026-06-03.jsonl,1591,validation,hybrid_adjudicator_with_adapters,11 per month,11 per month,True,True,current_vs_historical;competing_semiologies,none,primary layer is Purist-correct,True,,True,True,True
gan2026_hybrid_parallel_state_candidate_reasoner_validation750_gpt41mini_v0_deterministic_safety_floor_v2_replay_2026-06-03.jsonl,1596,validation,hybrid_adjudicator_with_adapters,12 per week,12 per week,True,True,rate_bucket_or_denominator;current_vs_historical,none,primary layer is Purist-correct,True,,True,True,True
gan2026_hybrid_parallel_state_candidate_reasoner_validation750_gpt41mini_v0_deterministic_safety_floor_v2_replay_2026-06-03.jsonl,1597,validation,hybrid_adjudicator_with_adapters,12 per month,12 per month,True,True,current_vs_historical;competing_semiologies,none,primary layer is Purist-correct,True,,True,True,True
gan2026_hybrid_parallel_state_candidate_reasoner_validation750_gpt41mini_v0_deterministic_safety_floor_v2_replay_2026-06-03.jsonl,1636,validation,hybrid_adjudicator_with_adapters,5 per month,5 per month,True,True,current_vs_historical,none,primary layer is Purist-correct,True,,True,True,True
gan2026_hybrid_parallel_state_candidate_reasoner_validation750_gpt41mini_v0_deterministic_safety_floor_v2_replay_2026-06-03.jsonl,1640,validation,hybrid_adjudicator_with_adapters,5 per week,5 per week,True,True,rate_bucket_or_denominator;current_vs_historical;competing_semiologies,none,primary layer is Purist-correct,True,,True,True,True
gan2026_hybrid_parallel_state_candidate_reasoner_validation750_gpt41mini_v0_deterministic_safety_floor_v2_replay_2026-06-03.jsonl,1687,validation,hybrid_adjudicator_with_adapters,multiple per week,multiple per week,True,True,rate_bucket_or_denominator;current_vs_historical;competing_semiologies;benchmark_format_convention,none,primary layer is Purist-correct,True,,True,True,True
gan2026_hybrid_parallel_state_candidate_reasoner_validation750_gpt41mini_v0_deterministic_safety_floor_v2_replay_2026-06-03.jsonl,1694,validation,hybrid_adjudicator_with_adapters,"1 cluster per 2 week, 3 per cluster","1 cluster per 2 week, 3 per cluster",True,True,cluster_burden;current_vs_historical;competing_semiologies,none,primary layer is Purist-correct,True,,True,True,True
gan2026_hybrid_parallel_state_candidate_reasoner_validation750_gpt41mini_v0_deterministic_safety_floor_v2_replay_2026-06-03.jsonl,1695,validation,hybrid_adjudicator_with_adapters,multiple per month,no seizure frequency reference,True,True,diary_or_log_aggregation;current_vs_historical;competing_semiologies;benchmark_format_convention,none,primary layer is Purist-correct,True,,True,False,False
gan2026_hybrid_parallel_state_candidate_reasoner_validation750_gpt41mini_v0_deterministic_safety_floor_v2_replay_2026-06-03.jsonl,1706,validation,hybrid_adjudicator_with_adapters,"multiple cluster per month, multiple per cluster","multiple cluster per month, multiple per cluster",True,True,cluster_burden;current_vs_historical;competing_semiologies;benchmark_format_convention,none,primary layer is Purist-correct,True,,True,True,True
gan2026_hybrid_parallel_state_candidate_reasoner_validation750_gpt41mini_v0_deterministic_safety_floor_v2_replay_2026-06-03.jsonl,1707,validation,hybrid_adjudicator_with_adapters,multiple per week,no seizure frequency reference,True,True,diary_or_log_aggregation;rate_bucket_or_denominator;current_vs_historical;competing_semiologies;benchmark_format_convention,none,primary layer is Purist-correct,True,,True,False,False
gan2026_hybrid_parallel_state_candidate_reasoner_validation750_gpt41mini_v0_deterministic_safety_floor_v2_replay_2026-06-03.jsonl,1772,validation,hybrid_adjudicator_with_adapters,11 per 6 month,11 per 6 month,True,True,current_vs_historical;competing_semiologies,none,primary layer is Purist-correct,True,,True,True,True
gan2026_hybrid_parallel_state_candidate_reasoner_validation750_gpt41mini_v0_deterministic_safety_floor_v2_replay_2026-06-03.jsonl,1773,validation,hybrid_adjudicator_with_adapters,11 per 3 month,11 per 3 month,True,True,current_vs_historical,none,primary layer is Purist-correct,True,,True,True,True
gan2026_hybrid_parallel_state_candidate_reasoner_validation750_gpt41mini_v0_deterministic_safety_floor_v2_replay_2026-06-03.jsonl,1790,validation,hybrid_adjudicator_with_adapters,8 per 4 month,8 per 4 month,True,True,current_vs_historical,none,primary layer is Purist-correct,True,,True,True,True
gan2026_hybrid_parallel_state_candidate_reasoner_validation750_gpt41mini_v0_deterministic_safety_floor_v2_replay_2026-06-03.jsonl,1794,validation,hybrid_adjudicator_with_adapters,8 per 2 month,8 per 2 month,True,True,current_vs_historical;competing_semiologies,none,primary layer is Purist-correct,True,,True,True,True
gan2026_hybrid_parallel_state_candidate_reasoner_validation750_gpt41mini_v0_deterministic_safety_floor_v2_replay_2026-06-03.jsonl,1866,validation,hybrid_adjudicator_with_adapters,8 per 2 month,8 per 2 month,True,True,current_vs_historical;competing_semiologies,none,primary layer is Purist-correct,True,,True,True,True
gan2026_hybrid_parallel_state_candidate_reasoner_validation750_gpt41mini_v0_deterministic_safety_floor_v2_replay_2026-06-03.jsonl,1880,validation,hybrid_adjudicator_with_adapters,8 per 2 month,8 per 2 month,True,True,current_vs_historical,none,primary layer is Purist-correct,True,,True,True,True
gan2026_hybrid_parallel_state_candidate_reasoner_validation750_gpt41mini_v0_deterministic_safety_floor_v2_replay_2026-06-03.jsonl,1887,validation,hybrid_adjudicator_with_adapters,4 per 3 month,4 per 3 month,True,True,current_vs_historical,none,primary layer is Purist-correct,True,,True,True,True
gan2026_hybrid_parallel_state_candidate_reasoner_validation750_gpt41mini_v0_deterministic_safety_floor_v2_replay_2026-06-03.jsonl,1914,validation,hybrid_adjudicator_with_adapters,7 per 3 month,7 per 3 month,True,True,current_vs_historical;competing_semiologies,none,primary layer is Purist-correct,True,,True,True,True
gan2026_hybrid_parallel_state_candidate_reasoner_validation750_gpt41mini_v0_deterministic_safety_floor_v2_replay_2026-06-03.jsonl,1922,validation,hybrid_adjudicator_with_adapters,7 per 3 month,7 per 3 month,True,True,current_vs_historical,none,primary layer is Purist-correct,True,,True,True,True
gan2026_hybrid_parallel_state_candidate_reasoner_validation750_gpt41mini_v0_deterministic_safety_floor_v2_replay_2026-06-03.jsonl,1923,validation,hybrid_adjudicator_with_adapters,7 per 6 month,7 per 6 month,True,True,current_vs_historical,none,primary layer is Purist-correct,True,,True,True,True
gan2026_hybrid_parallel_state_candidate_reasoner_validation750_gpt41mini_v0_deterministic_safety_floor_v2_replay_2026-06-03.jsonl,1979,validation,hybrid_adjudicator_with_adapters,6 per 2 month,6 per 2 month,True,True,current_vs_historical;competing_semiologies,none,primary layer is Purist-correct,True,,True,True,True
gan2026_hybrid_parallel_state_candidate_reasoner_validation750_gpt41mini_v0_deterministic_safety_floor_v2_replay_2026-06-03.jsonl,1980,validation,hybrid_adjudicator_with_adapters,6 per 3 month,6 per 3 month,True,True,current_vs_historical;competing_semiologies,none,primary layer is Purist-correct,True,,True,True,True
gan2026_hybrid_parallel_state_candidate_reasoner_validation750_gpt41mini_v0_deterministic_safety_floor_v2_replay_2026-06-03.jsonl,2023,validation,hybrid_adjudicator_with_adapters,5 per month,5 per month,True,True,competing_semiologies,none,primary layer is Purist-correct,True,,True,True,True
gan2026_hybrid_parallel_state_candidate_reasoner_validation750_gpt41mini_v0_deterministic_safety_floor_v2_replay_2026-06-03.jsonl,2080,validation,hybrid_adjudicator_with_adapters,multiple per month,no seizure frequency reference,True,True,current_vs_historical;benchmark_format_convention,none,primary layer is Purist-correct,True,,True,False,False
gan2026_hybrid_parallel_state_candidate_reasoner_validation750_gpt41mini_v0_deterministic_safety_floor_v2_replay_2026-06-03.jsonl,2094,validation,hybrid_adjudicator_with_adapters,multiple per month,multiple per month,True,True,current_vs_historical;competing_semiologies;benchmark_format_convention,none,primary layer is Purist-correct,True,,True,True,True
gan2026_hybrid_parallel_state_candidate_reasoner_validation750_gpt41mini_v0_deterministic_safety_floor_v2_replay_2026-06-03.jsonl,2114,validation,hybrid_adjudicator_with_adapters,multiple per month,multiple per month,True,True,current_vs_historical;competing_semiologies;benchmark_format_convention,none,primary layer is Purist-correct,True,,True,True,True
gan2026_hybrid_parallel_state_candidate_reasoner_validation750_gpt41mini_v0_deterministic_safety_floor_v2_replay_2026-06-03.jsonl,2149,validation,hybrid_adjudicator_with_adapters,unknown,no seizure frequency reference,True,True,unknown_boundary;current_vs_historical;competing_semiologies;uncertainty_or_ambiguity,none,primary layer is Purist-correct,True,,True,False,False
gan2026_hybrid_parallel_state_candidate_reasoner_validation750_gpt41mini_v0_deterministic_safety_floor_v2_replay_2026-06-03.jsonl,2166,validation,hybrid_adjudicator_with_adapters,unknown,no seizure frequency reference,True,True,unknown_boundary;uncertainty_or_ambiguity,none,primary layer is Purist-correct,True,,True,False,False
gan2026_hybrid_parallel_state_candidate_reasoner_validation750_gpt41mini_v0_deterministic_safety_floor_v2_replay_2026-06-03.jsonl,2228,validation,hybrid_adjudicator_with_adapters,3 to 5 per 2 week,3 to 5 per 2 week,True,True,current_vs_historical,none,primary layer is Purist-correct,True,,True,True,True
gan2026_hybrid_parallel_state_candidate_reasoner_validation750_gpt41mini_v0_deterministic_safety_floor_v2_replay_2026-06-03.jsonl,2233,validation,hybrid_adjudicator_with_adapters,6 to 7 per 2 month,6 to 7 per 2 month,True,True,current_vs_historical,none,primary layer is Purist-correct,True,,True,True,True
gan2026_hybrid_parallel_state_candidate_reasoner_validation750_gpt41mini_v0_deterministic_safety_floor_v2_replay_2026-06-03.jsonl,2245,validation,hybrid_adjudicator_with_adapters,7 to 8 per 3 week,7 to 8 per 3 week,True,True,current_vs_historical,none,primary layer is Purist-correct,True,,True,True,True
gan2026_hybrid_parallel_state_candidate_reasoner_validation750_gpt41mini_v0_deterministic_safety_floor_v2_replay_2026-06-03.jsonl,2259,validation,hybrid_adjudicator_with_adapters,6 to 8 per 3 month,6 to 8 per 3 month,True,True,current_vs_historical,none,primary layer is Purist-correct,True,,True,True,True
gan2026_hybrid_parallel_state_candidate_reasoner_validation750_gpt41mini_v0_deterministic_safety_floor_v2_replay_2026-06-03.jsonl,2354,validation,hybrid_adjudicator_with_adapters,6 to 7 per week,6 to 7 per week,True,True,rate_bucket_or_denominator;competing_semiologies,none,primary layer is Purist-correct,True,,True,True,True
gan2026_hybrid_parallel_state_candidate_reasoner_validation750_gpt41mini_v0_deterministic_safety_floor_v2_replay_2026-06-03.jsonl,2366,validation,hybrid_adjudicator_with_adapters,2 to 4 per year,2 to 4 per year,True,True,current_vs_historical,none,primary layer is Purist-correct,True,,True,True,True
gan2026_hybrid_parallel_state_candidate_reasoner_validation750_gpt41mini_v0_deterministic_safety_floor_v2_replay_2026-06-03.jsonl,2369,validation,hybrid_adjudicator_with_adapters,3 to 4 per month,3 to 4 per month,True,True,current_vs_historical,none,primary layer is Purist-correct,True,,True,True,True
gan2026_hybrid_parallel_state_candidate_reasoner_validation750_gpt41mini_v0_deterministic_safety_floor_v2_replay_2026-06-03.jsonl,2374,validation,hybrid_adjudicator_with_adapters,7 to 9 per month,7 to 9 per month,True,True,current_vs_historical,none,primary layer is Purist-correct,True,,True,True,True
gan2026_hybrid_parallel_state_candidate_reasoner_validation750_gpt41mini_v0_deterministic_safety_floor_v2_replay_2026-06-03.jsonl,2425,validation,hybrid_adjudicator_with_adapters,6 to 8 per month,6 to 8 per month,True,True,current_vs_historical,none,primary layer is Purist-correct,True,,True,True,True
gan2026_hybrid_parallel_state_candidate_reasoner_validation750_gpt41mini_v0_deterministic_safety_floor_v2_replay_2026-06-03.jsonl,2427,validation,hybrid_adjudicator_with_adapters,3 to 5 per month,3 to 5 per month,True,True,current_vs_historical;competing_semiologies,none,primary layer is Purist-correct,True,,True,True,True
gan2026_hybrid_parallel_state_candidate_reasoner_validation750_gpt41mini_v0_deterministic_safety_floor_v2_replay_2026-06-03.jsonl,2435,validation,hybrid_adjudicator_with_adapters,5 to 7 per 2 week,5 to 7 per 2 week,True,True,current_vs_historical,none,primary layer is Purist-correct,True,,True,True,True
gan2026_hybrid_parallel_state_candidate_reasoner_validation750_gpt41mini_v0_deterministic_safety_floor_v2_replay_2026-06-03.jsonl,2437,validation,hybrid_adjudicator_with_adapters,2 to 3 per 2 month,2 to 3 per 2 month,True,True,current_vs_historical,none,primary layer is Purist-correct,True,,True,True,True
gan2026_hybrid_parallel_state_candidate_reasoner_validation750_gpt41mini_v0_deterministic_safety_floor_v2_replay_2026-06-03.jsonl,2440,validation,hybrid_adjudicator_with_adapters,5 to 7 per 2 month,5 to 7 per 2 month,True,True,current_vs_historical,none,primary layer is Purist-correct,True,,True,True,True
gan2026_hybrid_parallel_state_candidate_reasoner_validation750_gpt41mini_v0_deterministic_safety_floor_v2_replay_2026-06-03.jsonl,2456,validation,hybrid_adjudicator_with_adapters,6 to 7 per 2 week,6 to 7 per 2 week,True,True,current_vs_historical,none,primary layer is Purist-correct,True,,True,True,True
gan2026_hybrid_parallel_state_candidate_reasoner_validation750_gpt41mini_v0_deterministic_safety_floor_v2_replay_2026-06-03.jsonl,2459,validation,hybrid_adjudicator_with_adapters,7 to 9 per 2 week,7 to 9 per 2 week,True,True,current_vs_historical,none,primary layer is Purist-correct,True,,True,True,True
gan2026_hybrid_parallel_state_candidate_reasoner_validation750_gpt41mini_v0_deterministic_safety_floor_v2_replay_2026-06-03.jsonl,2487,validation,hybrid_adjudicator_with_adapters,2 to 3 per 3 month,2 to 3 per 3 month,True,True,current_vs_historical,none,primary layer is Purist-correct,True,,True,True,True
gan2026_hybrid_parallel_state_candidate_reasoner_validation750_gpt41mini_v0_deterministic_safety_floor_v2_replay_2026-06-03.jsonl,2513,validation,hybrid_adjudicator_with_adapters,2 to 3 per 2 week,2 to 3 per 2 week,True,True,current_vs_historical,none,primary layer is Purist-correct,True,,True,True,True
gan2026_hybrid_parallel_state_candidate_reasoner_validation750_gpt41mini_v0_deterministic_safety_floor_v2_replay_2026-06-03.jsonl,2541,validation,hybrid_adjudicator_with_adapters,8 to 9 per 2 week,8 to 9 per 2 week,True,True,current_vs_historical,none,primary layer is Purist-correct,True,,True,True,True
gan2026_hybrid_parallel_state_candidate_reasoner_validation750_gpt41mini_v0_deterministic_safety_floor_v2_replay_2026-06-03.jsonl,2548,validation,hybrid_adjudicator_with_adapters,5 to 6 per 2 month,5 to 6 per 2 month,True,True,current_vs_historical;competing_semiologies,none,primary layer is Purist-correct,True,,True,True,True
gan2026_hybrid_parallel_state_candidate_reasoner_validation750_gpt41mini_v0_deterministic_safety_floor_v2_replay_2026-06-03.jsonl,2554,validation,hybrid_adjudicator_with_adapters,1 to 10 per 2 month,1 to 10 per 2 month,True,True,current_vs_historical;competing_semiologies,none,primary layer is Purist-correct,True,,True,True,True
gan2026_hybrid_parallel_state_candidate_reasoner_validation750_gpt41mini_v0_deterministic_safety_floor_v2_replay_2026-06-03.jsonl,2558,validation,hybrid_adjudicator_with_adapters,3 to 4 per 2 month,3 to 4 per 2 month,True,True,current_vs_historical;competing_semiologies,none,primary layer is Purist-correct,True,,True,True,True
gan2026_hybrid_parallel_state_candidate_reasoner_validation750_gpt41mini_v0_deterministic_safety_floor_v2_replay_2026-06-03.jsonl,2609,validation,hybrid_adjudicator_with_adapters,1 per day,1 per day,True,True,rate_bucket_or_denominator,none,primary layer is Purist-correct,True,,True,True,True
gan2026_hybrid_parallel_state_candidate_reasoner_validation750_gpt41mini_v0_deterministic_safety_floor_v2_replay_2026-06-03.jsonl,2622,validation,hybrid_adjudicator_with_adapters,1 per day,1 per day,True,True,rate_bucket_or_denominator,none,primary layer is Purist-correct,True,,True,True,True
gan2026_hybrid_parallel_state_candidate_reasoner_validation750_gpt41mini_v0_deterministic_safety_floor_v2_replay_2026-06-03.jsonl,2628,validation,hybrid_adjudicator_with_adapters,1 per day,1 per day,True,True,rate_bucket_or_denominator,none,primary layer is Purist-correct,True,,True,True,True
gan2026_hybrid_parallel_state_candidate_reasoner_validation750_gpt41mini_v0_deterministic_safety_floor_v2_replay_2026-06-03.jsonl,2678,validation,hybrid_adjudicator_with_adapters,1 per day,1 per day,True,True,rate_bucket_or_denominator;competing_semiologies,none,primary layer is Purist-correct,True,,True,True,True
gan2026_hybrid_parallel_state_candidate_reasoner_validation750_gpt41mini_v0_deterministic_safety_floor_v2_replay_2026-06-03.jsonl,2681,validation,hybrid_adjudicator_with_adapters,1 per day,1 per day,True,True,rate_bucket_or_denominator;competing_semiologies,none,primary layer is Purist-correct,True,,True,True,True
gan2026_hybrid_parallel_state_candidate_reasoner_validation750_gpt41mini_v0_deterministic_safety_floor_v2_replay_2026-06-03.jsonl,2698,validation,hybrid_adjudicator_with_adapters,1 per 2 day,1 per 2 day,True,True,competing_semiologies;benchmark_format_convention,none,primary layer is Purist-correct,True,,True,True,True
gan2026_hybrid_parallel_state_candidate_reasoner_validation750_gpt41mini_v0_deterministic_safety_floor_v2_replay_2026-06-03.jsonl,2731,validation,hybrid_adjudicator_with_adapters,1 per 2 week,1 per 2 week,True,True,competing_semiologies;benchmark_format_convention,none,primary layer is Purist-correct,True,,True,True,True
gan2026_hybrid_parallel_state_candidate_reasoner_validation750_gpt41mini_v0_deterministic_safety_floor_v2_replay_2026-06-03.jsonl,2740,validation,hybrid_adjudicator_with_adapters,1 per month,1 per month,True,True,rate_bucket_or_denominator,none,primary layer is Purist-correct,True,,True,True,True
gan2026_hybrid_parallel_state_candidate_reasoner_validation750_gpt41mini_v0_deterministic_safety_floor_v2_replay_2026-06-03.jsonl,2748,validation,hybrid_adjudicator_with_adapters,1 per month,1 per month,True,True,rate_bucket_or_denominator;competing_semiologies,none,primary layer is Purist-correct,True,,True,True,True
gan2026_hybrid_parallel_state_candidate_reasoner_validation750_gpt41mini_v0_deterministic_safety_floor_v2_replay_2026-06-03.jsonl,2759,validation,hybrid_adjudicator_with_adapters,1 per month,1 per month,True,True,rate_bucket_or_denominator,none,primary layer is Purist-correct,True,,True,True,True
gan2026_hybrid_parallel_state_candidate_reasoner_validation750_gpt41mini_v0_deterministic_safety_floor_v2_replay_2026-06-03.jsonl,2762,validation,hybrid_adjudicator_with_adapters,1 per month,1 per month,True,True,rate_bucket_or_denominator;current_vs_historical;competing_semiologies,none,primary layer is Purist-correct,True,,True,True,True
gan2026_hybrid_parallel_state_candidate_reasoner_validation750_gpt41mini_v0_deterministic_safety_floor_v2_replay_2026-06-03.jsonl,2765,validation,hybrid_adjudicator_with_adapters,1 per month,1 per month,True,True,rate_bucket_or_denominator;competing_semiologies,none,primary layer is Purist-correct,True,,True,True,True
gan2026_hybrid_parallel_state_candidate_reasoner_validation750_gpt41mini_v0_deterministic_safety_floor_v2_replay_2026-06-03.jsonl,2776,validation,hybrid_adjudicator_with_adapters,1 per week,1 per week,True,True,rate_bucket_or_denominator,none,primary layer is Purist-correct,True,,True,True,True
gan2026_hybrid_parallel_state_candidate_reasoner_validation750_gpt41mini_v0_deterministic_safety_floor_v2_replay_2026-06-03.jsonl,2789,validation,hybrid_adjudicator_with_adapters,1 per week,1 per week,True,True,rate_bucket_or_denominator;current_vs_historical,none,primary layer is Purist-correct,True,,True,True,True
gan2026_hybrid_parallel_state_candidate_reasoner_validation750_gpt41mini_v0_deterministic_safety_floor_v2_replay_2026-06-03.jsonl,2812,validation,hybrid_adjudicator_with_adapters,1 per day,1 per day,True,True,rate_bucket_or_denominator,none,primary layer is Purist-correct,True,,True,True,True
gan2026_hybrid_parallel_state_candidate_reasoner_validation750_gpt41mini_v0_deterministic_safety_floor_v2_replay_2026-06-03.jsonl,2822,validation,hybrid_adjudicator_with_adapters,1 per day,1 per day,True,True,cluster_burden;rate_bucket_or_denominator;competing_semiologies,none,primary layer is Purist-correct,True,,True,True,True
gan2026_hybrid_parallel_state_candidate_reasoner_validation750_gpt41mini_v0_deterministic_safety_floor_v2_replay_2026-06-03.jsonl,2824,validation,hybrid_adjudicator_with_adapters,1 per day,1 per day,True,True,rate_bucket_or_denominator;competing_semiologies,none,primary layer is Purist-correct,True,,True,True,True
gan2026_hybrid_parallel_state_candidate_reasoner_validation750_gpt41mini_v0_deterministic_safety_floor_v2_replay_2026-06-03.jsonl,2877,validation,hybrid_adjudicator_with_adapters,2 per year,2 per year,True,True,unclassified,none,primary layer is Purist-correct,True,,True,True,True
gan2026_hybrid_parallel_state_candidate_reasoner_validation750_gpt41mini_v0_deterministic_safety_floor_v2_replay_2026-06-03.jsonl,2887,validation,hybrid_adjudicator_with_adapters,2 per week,2 per week,True,True,rate_bucket_or_denominator;current_vs_historical;competing_semiologies,none,primary layer is Purist-correct,True,,True,True,True
gan2026_hybrid_parallel_state_candidate_reasoner_validation750_gpt41mini_v0_deterministic_safety_floor_v2_replay_2026-06-03.jsonl,2907,validation,hybrid_adjudicator_with_adapters,seizure free for 6 month,seizure free for 6 month,True,True,seizure_free_duration;current_vs_historical,none,primary layer is Purist-correct,True,,True,True,True
gan2026_hybrid_parallel_state_candidate_reasoner_validation750_gpt41mini_v0_deterministic_safety_floor_v2_replay_2026-06-03.jsonl,2932,validation,hybrid_adjudicator_with_adapters,seizure free for 9 month,seizure free for 9 month,True,True,seizure_free_duration;current_vs_historical,none,primary layer is Purist-correct,True,,True,True,True
gan2026_hybrid_parallel_state_candidate_reasoner_validation750_gpt41mini_v0_deterministic_safety_floor_v2_replay_2026-06-03.jsonl,2938,validation,hybrid_adjudicator_with_adapters,seizure free for 8 month,seizure free for 8 month,True,True,seizure_free_duration;current_vs_historical,none,primary layer is Purist-correct,True,,True,True,True
gan2026_hybrid_parallel_state_candidate_reasoner_validation750_gpt41mini_v0_deterministic_safety_floor_v2_replay_2026-06-03.jsonl,2965,validation,hybrid_adjudicator_with_adapters,seizure free for 16 month,seizure free for 16 month,True,True,seizure_free_duration;current_vs_historical,none,primary layer is Purist-correct,True,,True,True,True
gan2026_hybrid_parallel_state_candidate_reasoner_validation750_gpt41mini_v0_deterministic_safety_floor_v2_replay_2026-06-03.jsonl,2992,validation,hybrid_adjudicator_with_adapters,seizure free for 7 month,seizure free for 7 month,True,True,seizure_free_duration;current_vs_historical,none,primary layer is Purist-correct,True,,True,True,True
gan2026_hybrid_parallel_state_candidate_reasoner_validation750_gpt41mini_v0_deterministic_safety_floor_v2_replay_2026-06-03.jsonl,3015,validation,hybrid_adjudicator_with_adapters,seizure free for 12 month,seizure free for 12 month,True,True,seizure_free_duration;current_vs_historical,none,primary layer is Purist-correct,True,,True,True,True
gan2026_hybrid_parallel_state_candidate_reasoner_validation750_gpt41mini_v0_deterministic_safety_floor_v2_replay_2026-06-03.jsonl,3048,validation,hybrid_adjudicator_with_adapters,seizure free for 16 month,seizure free for 16 month,True,True,seizure_free_duration,none,primary layer is Purist-correct,True,,True,True,True
gan2026_hybrid_parallel_state_candidate_reasoner_validation750_gpt41mini_v0_deterministic_safety_floor_v2_replay_2026-06-03.jsonl,3058,validation,hybrid_adjudicator_with_adapters,seizure free for 12 month,seizure free for 12 month,True,True,seizure_free_duration,none,primary layer is Purist-correct,True,,True,True,True
gan2026_hybrid_parallel_state_candidate_reasoner_validation750_gpt41mini_v0_deterministic_safety_floor_v2_replay_2026-06-03.jsonl,3082,validation,hybrid_adjudicator_with_adapters,seizure free for 10 month,seizure free for 10 month,True,True,seizure_free_duration,none,primary layer is Purist-correct,True,,True,True,True
gan2026_hybrid_parallel_state_candidate_reasoner_validation750_gpt41mini_v0_deterministic_safety_floor_v2_replay_2026-06-03.jsonl,3095,validation,hybrid_adjudicator_with_adapters,seizure free for 12 month,seizure free for 12 month,True,True,seizure_free_duration,none,primary layer is Purist-correct,True,,True,True,True
gan2026_hybrid_parallel_state_candidate_reasoner_validation750_gpt41mini_v0_deterministic_safety_floor_v2_replay_2026-06-03.jsonl,3113,validation,hybrid_adjudicator_with_adapters,seizure free for 14 month,seizure free for 14 month,True,True,seizure_free_duration,none,primary layer is Purist-correct,True,,True,True,True
gan2026_hybrid_parallel_state_candidate_reasoner_validation750_gpt41mini_v0_deterministic_safety_floor_v2_replay_2026-06-03.jsonl,3118,validation,hybrid_adjudicator_with_adapters,seizure free for multiple month,seizure free for multiple year,True,True,seizure_free_duration;current_vs_historical,none,primary layer is Purist-correct,True,,True,True,True
gan2026_hybrid_parallel_state_candidate_reasoner_validation750_gpt41mini_v0_deterministic_safety_floor_v2_replay_2026-06-03.jsonl,3137,validation,hybrid_adjudicator_with_adapters,seizure free for multiple month,seizure free for multiple year,True,True,seizure_free_duration;current_vs_historical,none,primary layer is Purist-correct,True,,True,True,True
gan2026_hybrid_parallel_state_candidate_reasoner_validation750_gpt41mini_v0_deterministic_safety_floor_v2_replay_2026-06-03.jsonl,3224,validation,hybrid_adjudicator_with_adapters,"1 cluster per month, 6 to 7 per cluster","1 cluster per month, 6 to 7 per cluster",True,True,cluster_burden;rate_bucket_or_denominator,none,primary layer is Purist-correct,True,,True,True,True
gan2026_hybrid_parallel_state_candidate_reasoner_validation750_gpt41mini_v0_deterministic_safety_floor_v2_replay_2026-06-03.jsonl,3242,validation,hybrid_adjudicator_with_adapters,"2 cluster per month, 5 per cluster","2 cluster per month, 5 per cluster",True,True,cluster_burden;competing_semiologies,none,primary layer is Purist-correct,True,,True,True,True
gan2026_hybrid_parallel_state_candidate_reasoner_validation750_gpt41mini_v0_deterministic_safety_floor_v2_replay_2026-06-03.jsonl,3261,validation,hybrid_adjudicator_with_adapters,"2 cluster per month, 4 per cluster","2 cluster per month, 4 per cluster",True,True,cluster_burden;competing_semiologies,none,primary layer is Purist-correct,True,,True,True,True
gan2026_hybrid_parallel_state_candidate_reasoner_validation750_gpt41mini_v0_deterministic_safety_floor_v2_replay_2026-06-03.jsonl,3262,validation,hybrid_adjudicator_with_adapters,"2 cluster per month, 5 per cluster","2 cluster per month, 5 per cluster",True,True,cluster_burden;competing_semiologies,none,primary layer is Purist-correct,True,,True,True,True
gan2026_hybrid_parallel_state_candidate_reasoner_validation750_gpt41mini_v0_deterministic_safety_floor_v2_replay_2026-06-03.jsonl,3281,validation,hybrid_adjudicator_with_adapters,8 per month,8 per month,True,True,unclassified,none,primary layer is Purist-correct,True,,True,True,True
gan2026_hybrid_parallel_state_candidate_reasoner_validation750_gpt41mini_v0_deterministic_safety_floor_v2_replay_2026-06-03.jsonl,3297,validation,hybrid_adjudicator_with_adapters,6 per month,6 per month,True,True,unclassified,none,primary layer is Purist-correct,True,,True,True,True
gan2026_hybrid_parallel_state_candidate_reasoner_validation750_gpt41mini_v0_deterministic_safety_floor_v2_replay_2026-06-03.jsonl,3325,validation,hybrid_adjudicator_with_adapters,3 per week,3 per week,True,True,rate_bucket_or_denominator,none,primary layer is Purist-correct,True,,True,True,True
gan2026_hybrid_parallel_state_candidate_reasoner_validation750_gpt41mini_v0_deterministic_safety_floor_v2_replay_2026-06-03.jsonl,3356,validation,hybrid_adjudicator_with_adapters,unknown,seizure free for multiple year,False,False,unknown_boundary;seizure_free_duration;uncertainty_or_ambiguity,candidate_generation,gold state absent from candidate set,True,,False,False,False
gan2026_hybrid_parallel_state_candidate_reasoner_validation750_gpt41mini_v0_deterministic_safety_floor_v2_replay_2026-06-03.jsonl,3371,validation,hybrid_adjudicator_with_adapters,unknown,unknown,True,True,unknown_boundary;uncertainty_or_ambiguity,none,primary layer is Purist-correct,True,,True,True,True
gan2026_hybrid_parallel_state_candidate_reasoner_validation750_gpt41mini_v0_deterministic_safety_floor_v2_replay_2026-06-03.jsonl,3436,validation,hybrid_adjudicator_with_adapters,unknown,no seizure frequency reference,True,True,unknown_boundary;uncertainty_or_ambiguity,none,primary layer is Purist-correct,True,,True,False,False
gan2026_hybrid_parallel_state_candidate_reasoner_validation750_gpt41mini_v0_deterministic_safety_floor_v2_replay_2026-06-03.jsonl,3468,validation,hybrid_adjudicator_with_adapters,unknown,no seizure frequency reference,True,True,unknown_boundary;diary_or_log_aggregation;uncertainty_or_ambiguity,none,primary layer is Purist-correct,True,,True,False,False
gan2026_hybrid_parallel_state_candidate_reasoner_validation750_gpt41mini_v0_deterministic_safety_floor_v2_replay_2026-06-03.jsonl,3469,validation,hybrid_adjudicator_with_adapters,unknown,unknown,True,True,unknown_boundary;current_vs_historical;uncertainty_or_ambiguity,none,primary layer is Purist-correct,True,,True,True,True
gan2026_hybrid_parallel_state_candidate_reasoner_validation750_gpt41mini_v0_deterministic_safety_floor_v2_replay_2026-06-03.jsonl,3482,validation,hybrid_adjudicator_with_adapters,unknown,unknown,True,True,unknown_boundary;uncertainty_or_ambiguity,none,primary layer is Purist-correct,True,,True,True,True
gan2026_hybrid_parallel_state_candidate_reasoner_validation750_gpt41mini_v0_deterministic_safety_floor_v2_replay_2026-06-03.jsonl,3493,validation,hybrid_adjudicator_with_adapters,unknown,no seizure frequency reference,True,True,unknown_boundary;diary_or_log_aggregation;uncertainty_or_ambiguity,none,primary layer is Purist-correct,True,,True,False,False
gan2026_hybrid_parallel_state_candidate_reasoner_validation750_gpt41mini_v0_deterministic_safety_floor_v2_replay_2026-06-03.jsonl,3507,validation,hybrid_adjudicator_with_adapters,unknown,no seizure frequency reference,True,True,unknown_boundary;uncertainty_or_ambiguity,none,primary layer is Purist-correct,True,,True,False,False
gan2026_hybrid_parallel_state_candidate_reasoner_validation750_gpt41mini_v0_deterministic_safety_floor_v2_replay_2026-06-03.jsonl,3512,validation,hybrid_adjudicator_with_adapters,unknown,no seizure frequency reference,True,True,unknown_boundary;uncertainty_or_ambiguity,none,primary layer is Purist-correct,True,,True,False,False
gan2026_hybrid_parallel_state_candidate_reasoner_validation750_gpt41mini_v0_deterministic_safety_floor_v2_replay_2026-06-03.jsonl,3528,validation,hybrid_adjudicator_with_adapters,unknown,seizure free for multiple year,False,False,unknown_boundary;seizure_free_duration;current_vs_historical;competing_semiologies;uncertainty_or_ambiguity,candidate_generation,gold state absent from candidate set,True,,False,False,False
gan2026_hybrid_parallel_state_candidate_reasoner_validation750_gpt41mini_v0_deterministic_safety_floor_v2_replay_2026-06-03.jsonl,3532,validation,hybrid_adjudicator_with_adapters,unknown,no seizure frequency reference,True,True,unknown_boundary;diary_or_log_aggregation;uncertainty_or_ambiguity,none,primary layer is Purist-correct,True,,True,False,False
gan2026_hybrid_parallel_state_candidate_reasoner_validation750_gpt41mini_v0_deterministic_safety_floor_v2_replay_2026-06-03.jsonl,3534,validation,hybrid_adjudicator_with_adapters,unknown,unknown,True,True,unknown_boundary;current_vs_historical;uncertainty_or_ambiguity,none,primary layer is Purist-correct,True,,True,True,True
gan2026_hybrid_parallel_state_candidate_reasoner_validation750_gpt41mini_v0_deterministic_safety_floor_v2_replay_2026-06-03.jsonl,3600,validation,hybrid_adjudicator_with_adapters,unknown,no seizure frequency reference,True,True,unknown_boundary;uncertainty_or_ambiguity,none,primary layer is Purist-correct,True,,True,False,False
gan2026_hybrid_parallel_state_candidate_reasoner_validation750_gpt41mini_v0_deterministic_safety_floor_v2_replay_2026-06-03.jsonl,3623,validation,hybrid_adjudicator_with_adapters,7 per week,7 per week,True,True,cluster_burden;rate_bucket_or_denominator;current_vs_historical,none,primary layer is Purist-correct,True,,True,True,True
gan2026_hybrid_parallel_state_candidate_reasoner_validation750_gpt41mini_v0_deterministic_safety_floor_v2_replay_2026-06-03.jsonl,3643,validation,hybrid_adjudicator_with_adapters,7 per week,7 per week,True,True,cluster_burden;rate_bucket_or_denominator,none,primary layer is Purist-correct,True,,True,True,True
gan2026_hybrid_parallel_state_candidate_reasoner_validation750_gpt41mini_v0_deterministic_safety_floor_v2_replay_2026-06-03.jsonl,3681,validation,hybrid_adjudicator_with_adapters,9 per month,9 per month,True,True,current_vs_historical,none,primary layer is Purist-correct,True,,True,True,True
gan2026_hybrid_parallel_state_candidate_reasoner_validation750_gpt41mini_v0_deterministic_safety_floor_v2_replay_2026-06-03.jsonl,3682,validation,hybrid_adjudicator_with_adapters,6 per month,6 per month,True,True,unclassified,none,primary layer is Purist-correct,True,,True,True,True
gan2026_hybrid_parallel_state_candidate_reasoner_validation750_gpt41mini_v0_deterministic_safety_floor_v2_replay_2026-06-03.jsonl,3710,validation,hybrid_adjudicator_with_adapters,5 per week,5 per week,True,True,rate_bucket_or_denominator,none,primary layer is Purist-correct,True,,True,True,True
gan2026_hybrid_parallel_state_candidate_reasoner_validation750_gpt41mini_v0_deterministic_safety_floor_v2_replay_2026-06-03.jsonl,3753,validation,hybrid_adjudicator_with_adapters,1 per day,1 per day,True,True,rate_bucket_or_denominator,none,primary layer is Purist-correct,True,,True,True,True
gan2026_hybrid_parallel_state_candidate_reasoner_validation750_gpt41mini_v0_deterministic_safety_floor_v2_replay_2026-06-03.jsonl,3766,validation,hybrid_adjudicator_with_adapters,8 per year,8 per year,True,True,unclassified,none,primary layer is Purist-correct,True,,True,True,True
gan2026_hybrid_parallel_state_candidate_reasoner_validation750_gpt41mini_v0_deterministic_safety_floor_v2_replay_2026-06-03.jsonl,3774,validation,hybrid_adjudicator_with_adapters,9 per year,9 per year,True,True,unclassified,none,primary layer is Purist-correct,True,,True,True,True
gan2026_hybrid_parallel_state_candidate_reasoner_validation750_gpt41mini_v0_deterministic_safety_floor_v2_replay_2026-06-03.jsonl,3791,validation,hybrid_adjudicator_with_adapters,10 per year,10 per year,True,True,unclassified,none,primary layer is Purist-correct,True,,True,True,True
gan2026_hybrid_parallel_state_candidate_reasoner_validation750_gpt41mini_v0_deterministic_safety_floor_v2_replay_2026-06-03.jsonl,3801,validation,hybrid_adjudicator_with_adapters,9 per month,9 per month,True,True,current_vs_historical,none,primary layer is Purist-correct,True,,True,True,True
gan2026_hybrid_parallel_state_candidate_reasoner_validation750_gpt41mini_v0_deterministic_safety_floor_v2_replay_2026-06-03.jsonl,3806,validation,hybrid_adjudicator_with_adapters,6 per month,6 per month,True,True,unclassified,none,primary layer is Purist-correct,True,,True,True,True
gan2026_hybrid_parallel_state_candidate_reasoner_validation750_gpt41mini_v0_deterministic_safety_floor_v2_replay_2026-06-03.jsonl,3827,validation,hybrid_adjudicator_with_adapters,7 per month,7 per month,True,True,unclassified,none,primary layer is Purist-correct,True,,True,True,True
gan2026_hybrid_parallel_state_candidate_reasoner_validation750_gpt41mini_v0_deterministic_safety_floor_v2_replay_2026-06-03.jsonl,3846,validation,hybrid_adjudicator_with_adapters,2 per day,2 per day,True,True,rate_bucket_or_denominator,none,primary layer is Purist-correct,True,,True,True,True
gan2026_hybrid_parallel_state_candidate_reasoner_validation750_gpt41mini_v0_deterministic_safety_floor_v2_replay_2026-06-03.jsonl,3849,validation,hybrid_adjudicator_with_adapters,3 per day,3 per day,True,True,rate_bucket_or_denominator,none,primary layer is Purist-correct,True,,True,True,True
gan2026_hybrid_parallel_state_candidate_reasoner_validation750_gpt41mini_v0_deterministic_safety_floor_v2_replay_2026-06-03.jsonl,3889,validation,hybrid_adjudicator_with_adapters,8 per year,8 per year,True,True,diary_or_log_aggregation;current_vs_historical,none,primary layer is Purist-correct,True,,True,True,True
gan2026_hybrid_parallel_state_candidate_reasoner_validation750_gpt41mini_v0_deterministic_safety_floor_v2_replay_2026-06-03.jsonl,3892,validation,hybrid_adjudicator_with_adapters,3 per year,3 per year,True,True,unclassified,none,primary layer is Purist-correct,True,,True,True,True
gan2026_hybrid_parallel_state_candidate_reasoner_validation750_gpt41mini_v0_deterministic_safety_floor_v2_replay_2026-06-03.jsonl,3940,validation,hybrid_adjudicator_with_adapters,4 per week,4 per week,True,True,rate_bucket_or_denominator,none,primary layer is Purist-correct,True,,True,True,True
gan2026_hybrid_parallel_state_candidate_reasoner_validation750_gpt41mini_v0_deterministic_safety_floor_v2_replay_2026-06-03.jsonl,3949,validation,hybrid_adjudicator_with_adapters,4 per week,4 per week,True,True,rate_bucket_or_denominator;current_vs_historical,none,primary layer is Purist-correct,True,,True,True,True
gan2026_hybrid_parallel_state_candidate_reasoner_validation750_gpt41mini_v0_deterministic_safety_floor_v2_replay_2026-06-03.jsonl,3988,validation,hybrid_adjudicator_with_adapters,multiple per week,multiple per week,True,True,rate_bucket_or_denominator;benchmark_format_convention,none,primary layer is Purist-correct,True,,True,True,True
gan2026_hybrid_parallel_state_candidate_reasoner_validation750_gpt41mini_v0_deterministic_safety_floor_v2_replay_2026-06-03.jsonl,3995,validation,hybrid_adjudicator_with_adapters,1 per month,1 per month,True,True,rate_bucket_or_denominator;current_vs_historical,none,primary layer is Purist-correct,True,,True,True,True
gan2026_hybrid_parallel_state_candidate_reasoner_validation750_gpt41mini_v0_deterministic_safety_floor_v2_replay_2026-06-03.jsonl,3999,validation,hybrid_adjudicator_with_adapters,1 per month,1 per month,True,True,cluster_burden;rate_bucket_or_denominator,none,primary layer is Purist-correct,True,,True,True,True
gan2026_hybrid_parallel_state_candidate_reasoner_validation750_gpt41mini_v0_deterministic_safety_floor_v2_replay_2026-06-03.jsonl,4022,validation,hybrid_adjudicator_with_adapters,8 per month,8 per month,True,True,rate_bucket_or_denominator,none,primary layer is Purist-correct,True,,True,True,True
gan2026_hybrid_parallel_state_candidate_reasoner_validation750_gpt41mini_v0_deterministic_safety_floor_v2_replay_2026-06-03.jsonl,4026,validation,hybrid_adjudicator_with_adapters,1 per month,1 per month,True,True,rate_bucket_or_denominator;competing_semiologies,none,primary layer is Purist-correct,True,,True,True,True
gan2026_hybrid_parallel_state_candidate_reasoner_validation750_gpt41mini_v0_deterministic_safety_floor_v2_replay_2026-06-03.jsonl,4092,validation,hybrid_adjudicator_with_adapters,1 per 2 to 3 week,1 per 2 to 3 week,True,True,unclassified,none,primary layer is Purist-correct,True,,True,True,True
gan2026_hybrid_parallel_state_candidate_reasoner_validation750_gpt41mini_v0_deterministic_safety_floor_v2_replay_2026-06-03.jsonl,4100,validation,hybrid_adjudicator_with_adapters,1 per 2 to 3 week,1 per 2 to 3 week,True,True,unclassified,none,primary layer is Purist-correct,True,,True,True,True
gan2026_hybrid_parallel_state_candidate_reasoner_validation750_gpt41mini_v0_deterministic_safety_floor_v2_replay_2026-06-03.jsonl,4110,validation,hybrid_adjudicator_with_adapters,1 per 1 to 2 day,1 per 1 to 2 day,True,True,unclassified,none,primary layer is Purist-correct,True,,True,True,True
gan2026_hybrid_parallel_state_candidate_reasoner_validation750_gpt41mini_v0_deterministic_safety_floor_v2_replay_2026-06-03.jsonl,4116,validation,hybrid_adjudicator_with_adapters,1 per 1 to 2 day,1 per 1 to 2 day,True,True,cluster_burden;rate_bucket_or_denominator;current_vs_historical;competing_semiologies,none,primary layer is Purist-correct,True,,True,True,True
gan2026_hybrid_parallel_state_candidate_reasoner_validation750_gpt41mini_v0_deterministic_safety_floor_v2_replay_2026-06-03.jsonl,4173,validation,hybrid_adjudicator_with_adapters,1 per 2 week,1 per 2 week,True,True,benchmark_format_convention,none,primary layer is Purist-correct,True,,True,True,True
gan2026_hybrid_parallel_state_candidate_reasoner_validation750_gpt41mini_v0_deterministic_safety_floor_v2_replay_2026-06-03.jsonl,4243,validation,hybrid_adjudicator_with_adapters,1 per 2 to 3 week,1 per 2 to 3 week,True,True,unclassified,none,primary layer is Purist-correct,True,,True,True,True
gan2026_hybrid_parallel_state_candidate_reasoner_validation750_gpt41mini_v0_deterministic_safety_floor_v2_replay_2026-06-03.jsonl,4258,validation,hybrid_adjudicator_with_adapters,4 per week,4 per week,True,True,rate_bucket_or_denominator,none,primary layer is Purist-correct,True,,True,True,True
gan2026_hybrid_parallel_state_candidate_reasoner_validation750_gpt41mini_v0_deterministic_safety_floor_v2_replay_2026-06-03.jsonl,4337,validation,hybrid_adjudicator_with_adapters,3 per 3 month,3 per 3 month,True,True,unclassified,none,primary layer is Purist-correct,True,,True,True,True
gan2026_hybrid_parallel_state_candidate_reasoner_validation750_gpt41mini_v0_deterministic_safety_floor_v2_replay_2026-06-03.jsonl,4345,validation,hybrid_adjudicator_with_adapters,4 per month,4 per month,True,True,unclassified,none,primary layer is Purist-correct,True,,True,True,True
gan2026_hybrid_parallel_state_candidate_reasoner_validation750_gpt41mini_v0_deterministic_safety_floor_v2_replay_2026-06-03.jsonl,4368,validation,hybrid_adjudicator_with_adapters,5 per 2 month,5 per 2 month,True,True,unclassified,none,primary layer is Purist-correct,True,,True,True,True
gan2026_hybrid_parallel_state_candidate_reasoner_validation750_gpt41mini_v0_deterministic_safety_floor_v2_replay_2026-06-03.jsonl,4402,validation,hybrid_adjudicator_with_adapters,7 per 7 month,7 per 7 month,True,True,unclassified,none,primary layer is Purist-correct,True,,True,True,True
gan2026_hybrid_parallel_state_candidate_reasoner_validation750_gpt41mini_v0_deterministic_safety_floor_v2_replay_2026-06-03.jsonl,4410,validation,hybrid_adjudicator_with_adapters,4 per 7 month,4 per 7 month,True,True,unclassified,none,primary layer is Purist-correct,True,,True,True,True
gan2026_hybrid_parallel_state_candidate_reasoner_validation750_gpt41mini_v0_deterministic_safety_floor_v2_replay_2026-06-03.jsonl,4478,validation,hybrid_adjudicator_with_adapters,19 per week,19 per week,True,True,rate_bucket_or_denominator;current_vs_historical,none,primary layer is Purist-correct,True,,True,True,True
gan2026_hybrid_parallel_state_candidate_reasoner_validation750_gpt41mini_v0_deterministic_safety_floor_v2_replay_2026-06-03.jsonl,4480,validation,hybrid_adjudicator_with_adapters,3 to 5 per week,3 to 5 per week,True,True,rate_bucket_or_denominator;current_vs_historical,none,primary layer is Purist-correct,True,,True,True,True
gan2026_hybrid_parallel_state_candidate_reasoner_validation750_gpt41mini_v0_deterministic_safety_floor_v2_replay_2026-06-03.jsonl,4496,validation,hybrid_adjudicator_with_adapters,7 to 8 per 3 month,7 to 8 per 3 month,True,True,competing_semiologies,none,primary layer is Purist-correct,True,,True,True,True
gan2026_hybrid_parallel_state_candidate_reasoner_validation750_gpt41mini_v0_deterministic_safety_floor_v2_replay_2026-06-03.jsonl,4562,validation,hybrid_adjudicator_with_adapters,1 per 6 week,1 per 6 week,True,True,unclassified,none,primary layer is Purist-correct,True,,True,True,True
gan2026_hybrid_parallel_state_candidate_reasoner_validation750_gpt41mini_v0_deterministic_safety_floor_v2_replay_2026-06-03.jsonl,4563,validation,hybrid_adjudicator_with_adapters,1 per 4 month,1 per 4 month,True,True,unclassified,none,primary layer is Purist-correct,True,,True,True,True
gan2026_hybrid_parallel_state_candidate_reasoner_validation750_gpt41mini_v0_deterministic_safety_floor_v2_replay_2026-06-03.jsonl,4574,validation,hybrid_adjudicator_with_adapters,1 per 4 week,1 per 4 week,True,True,unclassified,none,primary layer is Purist-correct,True,,True,True,True
gan2026_hybrid_parallel_state_candidate_reasoner_validation750_gpt41mini_v0_deterministic_safety_floor_v2_replay_2026-06-03.jsonl,4592,validation,hybrid_adjudicator_with_adapters,1 per 2 month,1 per 2 month,True,True,unclassified,none,primary layer is Purist-correct,True,,True,True,True
gan2026_hybrid_parallel_state_candidate_reasoner_validation750_gpt41mini_v0_deterministic_safety_floor_v2_replay_2026-06-03.jsonl,4597,validation,hybrid_adjudicator_with_adapters,1 per 3 week,1 per 3 week,True,True,unclassified,none,primary layer is Purist-correct,True,,True,True,True
gan2026_hybrid_parallel_state_candidate_reasoner_validation750_gpt41mini_v0_deterministic_safety_floor_v2_replay_2026-06-03.jsonl,4624,validation,hybrid_adjudicator_with_adapters,1 per 3 to 4 day,1 per 3 to 4 day,True,True,unclassified,none,primary layer is Purist-correct,True,,True,True,True
gan2026_hybrid_parallel_state_candidate_reasoner_validation750_gpt41mini_v0_deterministic_safety_floor_v2_replay_2026-06-03.jsonl,4631,validation,hybrid_adjudicator_with_adapters,1 per 14 to 21 day,1 per 14 to 21 day,True,True,unclassified,none,primary layer is Purist-correct,True,,True,True,True
gan2026_hybrid_parallel_state_candidate_reasoner_validation750_gpt41mini_v0_deterministic_safety_floor_v2_replay_2026-06-03.jsonl,4690,validation,hybrid_adjudicator_with_adapters,multiple per day,seizure free for multiple year,False,False,seizure_free_duration;rate_bucket_or_denominator;current_vs_historical;benchmark_format_convention,candidate_generation,gold state absent from candidate set,True,,False,False,False
gan2026_hybrid_parallel_state_candidate_reasoner_validation750_gpt41mini_v0_deterministic_safety_floor_v2_replay_2026-06-03.jsonl,4694,validation,hybrid_adjudicator_with_adapters,multiple per day,no seizure frequency reference,True,True,rate_bucket_or_denominator;benchmark_format_convention,none,primary layer is Purist-correct,True,,True,False,False
gan2026_hybrid_parallel_state_candidate_reasoner_validation750_gpt41mini_v0_deterministic_safety_floor_v2_replay_2026-06-03.jsonl,4700,validation,hybrid_adjudicator_with_adapters,multiple per day,no seizure frequency reference,True,True,rate_bucket_or_denominator;benchmark_format_convention,none,primary layer is Purist-correct,True,,True,False,False
gan2026_hybrid_parallel_state_candidate_reasoner_validation750_gpt41mini_v0_deterministic_safety_floor_v2_replay_2026-06-03.jsonl,4709,validation,hybrid_adjudicator_with_adapters,multiple per day,no seizure frequency reference,True,True,rate_bucket_or_denominator;benchmark_format_convention,none,primary layer is Purist-correct,True,,True,False,False
gan2026_hybrid_parallel_state_candidate_reasoner_validation750_gpt41mini_v0_deterministic_safety_floor_v2_replay_2026-06-03.jsonl,4731,validation,hybrid_adjudicator_with_adapters,unknown,no seizure frequency reference,True,True,unknown_boundary;uncertainty_or_ambiguity,none,primary layer is Purist-correct,True,,True,False,False
gan2026_hybrid_parallel_state_candidate_reasoner_validation750_gpt41mini_v0_deterministic_safety_floor_v2_replay_2026-06-03.jsonl,4732,validation,hybrid_adjudicator_with_adapters,unknown,no seizure frequency reference,True,True,unknown_boundary;diary_or_log_aggregation;uncertainty_or_ambiguity,none,primary layer is Purist-correct,True,,True,False,False
gan2026_hybrid_parallel_state_candidate_reasoner_validation750_gpt41mini_v0_deterministic_safety_floor_v2_replay_2026-06-03.jsonl,4771,validation,hybrid_adjudicator_with_adapters,unknown,no seizure frequency reference,True,True,unknown_boundary;cluster_burden;current_vs_historical;uncertainty_or_ambiguity,none,primary layer is Purist-correct,True,,True,False,False
gan2026_hybrid_parallel_state_candidate_reasoner_validation750_gpt41mini_v0_deterministic_safety_floor_v2_replay_2026-06-03.jsonl,4839,validation,hybrid_adjudicator_with_adapters,seizure free for multiple month,seizure free for 4 month,True,True,seizure_free_duration;competing_semiologies,none,primary layer is Purist-correct,True,,True,True,True
gan2026_hybrid_parallel_state_candidate_reasoner_validation750_gpt41mini_v0_deterministic_safety_floor_v2_replay_2026-06-03.jsonl,4842,validation,hybrid_adjudicator_with_adapters,seizure free for multiple month,seizure free for multiple year,True,True,seizure_free_duration,none,primary layer is Purist-correct,True,,True,True,True
gan2026_hybrid_parallel_state_candidate_reasoner_validation750_gpt41mini_v0_deterministic_safety_floor_v2_replay_2026-06-03.jsonl,4910,validation,hybrid_adjudicator_with_adapters,seizure free for 2 year,seizure free for 2 year,True,True,seizure_free_duration,none,primary layer is Purist-correct,True,,True,True,True
gan2026_hybrid_parallel_state_candidate_reasoner_validation750_gpt41mini_v0_deterministic_safety_floor_v2_replay_2026-06-03.jsonl,4919,validation,hybrid_adjudicator_with_adapters,seizure free for 2 year,seizure free for 2 year,True,True,seizure_free_duration,none,primary layer is Purist-correct,True,,True,True,True
gan2026_hybrid_parallel_state_candidate_reasoner_validation750_gpt41mini_v0_deterministic_safety_floor_v2_replay_2026-06-03.jsonl,4926,validation,hybrid_adjudicator_with_adapters,seizure free for 1 year,seizure free for 1 year,True,True,seizure_free_duration,none,primary layer is Purist-correct,True,,True,True,True
gan2026_hybrid_parallel_state_candidate_reasoner_validation750_gpt41mini_v0_deterministic_safety_floor_v2_replay_2026-06-03.jsonl,4951,validation,hybrid_adjudicator_with_adapters,seizure free for multiple month,seizure free for multiple year,True,True,seizure_free_duration;current_vs_historical,none,primary layer is Purist-correct,True,,True,True,True
gan2026_hybrid_parallel_state_candidate_reasoner_validation750_gpt41mini_v0_deterministic_safety_floor_v2_replay_2026-06-03.jsonl,4956,validation,hybrid_adjudicator_with_adapters,seizure free for 7 month,seizure free for 7 month,True,True,seizure_free_duration;current_vs_historical,none,primary layer is Purist-correct,True,,True,True,True
gan2026_hybrid_parallel_state_candidate_reasoner_validation750_gpt41mini_v0_deterministic_safety_floor_v2_replay_2026-06-03.jsonl,4992,validation,hybrid_adjudicator_with_adapters,seizure free for 11 month,seizure free for 11 month,True,True,seizure_free_duration;current_vs_historical,none,primary layer is Purist-correct,True,,True,True,True
gan2026_hybrid_parallel_state_candidate_reasoner_validation750_gpt41mini_v0_deterministic_safety_floor_v2_replay_2026-06-03.jsonl,4994,validation,hybrid_adjudicator_with_adapters,seizure free for 6 month,seizure free for 6 month,True,True,seizure_free_duration;current_vs_historical,none,primary layer is Purist-correct,True,,True,True,True
gan2026_hybrid_parallel_state_candidate_reasoner_validation750_gpt41mini_v0_deterministic_safety_floor_v2_replay_2026-06-03.jsonl,5040,validation,hybrid_adjudicator_with_adapters,seizure free for 6 months,seizure free for multiple year,True,True,seizure_free_duration,none,primary layer is Purist-correct,True,,True,True,True
gan2026_hybrid_parallel_state_candidate_reasoner_validation750_gpt41mini_v0_deterministic_safety_floor_v2_replay_2026-06-03.jsonl,5082,validation,hybrid_adjudicator_with_adapters,seizure free for multiple month,seizure free for multiple year,True,True,seizure_free_duration,none,primary layer is Purist-correct,True,,True,True,True
gan2026_hybrid_parallel_state_candidate_reasoner_validation750_gpt41mini_v0_deterministic_safety_floor_v2_replay_2026-06-03.jsonl,5092,validation,hybrid_adjudicator_with_adapters,seizure free for multiple month,seizure free for multiple year,True,True,seizure_free_duration;current_vs_historical,none,primary layer is Purist-correct,True,,True,True,True
gan2026_hybrid_parallel_state_candidate_reasoner_validation750_gpt41mini_v0_deterministic_safety_floor_v2_replay_2026-06-03.jsonl,5110,validation,hybrid_adjudicator_with_adapters,seizure free for multiple month,seizure free for multiple year,True,True,seizure_free_duration,none,primary layer is Purist-correct,True,,True,True,True
gan2026_hybrid_parallel_state_candidate_reasoner_validation750_gpt41mini_v0_deterministic_safety_floor_v2_replay_2026-06-03.jsonl,5121,validation,hybrid_adjudicator_with_adapters,seizure free for multiple month,seizure free for multiple year,True,True,seizure_free_duration;current_vs_historical;competing_semiologies,none,primary layer is Purist-correct,True,,True,True,True
gan2026_hybrid_parallel_state_candidate_reasoner_validation750_gpt41mini_v0_deterministic_safety_floor_v2_replay_2026-06-03.jsonl,5136,validation,hybrid_adjudicator_with_adapters,seizure free for multiple month,seizure free for multiple year,True,True,seizure_free_duration,none,primary layer is Purist-correct,True,,True,True,True
gan2026_hybrid_parallel_state_candidate_reasoner_validation750_gpt41mini_v0_deterministic_safety_floor_v2_replay_2026-06-03.jsonl,5141,validation,hybrid_adjudicator_with_adapters,seizure free for multiple month,seizure free for multiple year,True,True,seizure_free_duration;current_vs_historical;competing_semiologies,none,primary layer is Purist-correct,True,,True,True,True
gan2026_hybrid_parallel_state_candidate_reasoner_validation750_gpt41mini_v0_deterministic_safety_floor_v2_replay_2026-06-03.jsonl,5197,validation,hybrid_adjudicator_with_adapters,seizure free for multiple month,seizure free for multiple year,True,True,seizure_free_duration;current_vs_historical,none,primary layer is Purist-correct,True,,True,True,True
gan2026_hybrid_parallel_state_candidate_reasoner_validation750_gpt41mini_v0_deterministic_safety_floor_v2_replay_2026-06-03.jsonl,5210,validation,hybrid_adjudicator_with_adapters,seizure free for multiple month,seizure free for multiple year,True,True,seizure_free_duration,none,primary layer is Purist-correct,True,,True,True,True
gan2026_hybrid_parallel_state_candidate_reasoner_validation750_gpt41mini_v0_deterministic_safety_floor_v2_replay_2026-06-03.jsonl,5221,validation,hybrid_adjudicator_with_adapters,seizure free for multiple month,seizure free for multiple year,True,True,seizure_free_duration;competing_semiologies,none,primary layer is Purist-correct,True,,True,True,True
gan2026_hybrid_parallel_state_candidate_reasoner_validation750_gpt41mini_v0_deterministic_safety_floor_v2_replay_2026-06-03.jsonl,5248,validation,hybrid_adjudicator_with_adapters,seizure free for multiple year,seizure free for multiple year,True,True,seizure_free_duration,none,primary layer is Purist-correct,True,,True,True,True
gan2026_hybrid_parallel_state_candidate_reasoner_validation750_gpt41mini_v0_deterministic_safety_floor_v2_replay_2026-06-03.jsonl,5331,validation,hybrid_adjudicator_with_adapters,seizure free for 12 month,seizure free for 12 month,True,True,seizure_free_duration;current_vs_historical,none,primary layer is Purist-correct,True,,True,True,True
gan2026_hybrid_parallel_state_candidate_reasoner_validation750_gpt41mini_v0_deterministic_safety_floor_v2_replay_2026-06-03.jsonl,5345,validation,hybrid_adjudicator_with_adapters,seizure free for multiple month,seizure free for multiple year,True,True,seizure_free_duration,none,primary layer is Purist-correct,True,,True,True,True
gan2026_hybrid_parallel_state_candidate_reasoner_validation750_gpt41mini_v0_deterministic_safety_floor_v2_replay_2026-06-03.jsonl,5351,validation,hybrid_adjudicator_with_adapters,seizure free for 18 month,seizure free for 18 month,True,True,seizure_free_duration;competing_semiologies,none,primary layer is Purist-correct,True,,True,True,True
gan2026_hybrid_parallel_state_candidate_reasoner_validation750_gpt41mini_v0_deterministic_safety_floor_v2_replay_2026-06-03.jsonl,5379,validation,hybrid_adjudicator_with_adapters,seizure free for multiple month,seizure free for 6 month,True,True,seizure_free_duration;current_vs_historical;competing_semiologies,none,primary layer is Purist-correct,True,,True,True,True
gan2026_hybrid_parallel_state_candidate_reasoner_validation750_gpt41mini_v0_deterministic_safety_floor_v2_replay_2026-06-03.jsonl,5406,validation,hybrid_adjudicator_with_adapters,seizure free for multiple month,seizure free for multiple year,True,True,seizure_free_duration,none,primary layer is Purist-correct,True,,True,True,True
gan2026_hybrid_parallel_state_candidate_reasoner_validation750_gpt41mini_v0_deterministic_safety_floor_v2_replay_2026-06-03.jsonl,5476,validation,hybrid_adjudicator_with_adapters,unknown,no seizure frequency reference,True,True,unknown_boundary;uncertainty_or_ambiguity,none,primary layer is Purist-correct,True,,True,False,False
gan2026_hybrid_parallel_state_candidate_reasoner_validation750_gpt41mini_v0_deterministic_safety_floor_v2_replay_2026-06-03.jsonl,5490,validation,hybrid_adjudicator_with_adapters,unknown,no seizure frequency reference,True,True,unknown_boundary;uncertainty_or_ambiguity,none,primary layer is Purist-correct,True,,True,False,False
gan2026_hybrid_parallel_state_candidate_reasoner_validation750_gpt41mini_v0_deterministic_safety_floor_v2_replay_2026-06-03.jsonl,5491,validation,hybrid_adjudicator_with_adapters,unknown,no seizure frequency reference,True,True,unknown_boundary;uncertainty_or_ambiguity,none,primary layer is Purist-correct,True,,True,False,False
gan2026_hybrid_parallel_state_candidate_reasoner_validation750_gpt41mini_v0_deterministic_safety_floor_v2_replay_2026-06-03.jsonl,5504,validation,hybrid_adjudicator_with_adapters,unknown,no seizure frequency reference,True,True,unknown_boundary;uncertainty_or_ambiguity,none,primary layer is Purist-correct,True,,True,False,False
gan2026_hybrid_parallel_state_candidate_reasoner_validation750_gpt41mini_v0_deterministic_safety_floor_v2_replay_2026-06-03.jsonl,5507,validation,hybrid_adjudicator_with_adapters,unknown,no seizure frequency reference,True,True,unknown_boundary;diary_or_log_aggregation;uncertainty_or_ambiguity,none,primary layer is Purist-correct,True,,True,False,False
gan2026_hybrid_parallel_state_candidate_reasoner_validation750_gpt41mini_v0_deterministic_safety_floor_v2_replay_2026-06-03.jsonl,5528,validation,hybrid_adjudicator_with_adapters,1 per month,1 per month,True,True,current_vs_historical,none,primary layer is Purist-correct,True,,True,True,True
gan2026_hybrid_parallel_state_candidate_reasoner_validation750_gpt41mini_v0_deterministic_safety_floor_v2_replay_2026-06-03.jsonl,5534,validation,hybrid_adjudicator_with_adapters,1 per multiple month,seizure free for multiple year,False,False,seizure_free_duration;current_vs_historical;competing_semiologies,candidate_generation,gold state absent from candidate set,True,,False,False,False
gan2026_hybrid_parallel_state_candidate_reasoner_validation750_gpt41mini_v0_deterministic_safety_floor_v2_replay_2026-06-03.jsonl,5551,validation,hybrid_adjudicator_with_adapters,multiple per day,multiple per day,True,True,rate_bucket_or_denominator;current_vs_historical;competing_semiologies;benchmark_format_convention,none,primary layer is Purist-correct,True,,True,True,True
gan2026_hybrid_parallel_state_candidate_reasoner_validation750_gpt41mini_v0_deterministic_safety_floor_v2_replay_2026-06-03.jsonl,5567,validation,hybrid_adjudicator_with_adapters,multiple per week,multiple per week,True,True,cluster_burden;rate_bucket_or_denominator;benchmark_format_convention,none,primary layer is Purist-correct,True,,True,True,True
gan2026_hybrid_parallel_state_candidate_reasoner_validation750_gpt41mini_v0_deterministic_safety_floor_v2_replay_2026-06-03.jsonl,5584,validation,hybrid_adjudicator_with_adapters,multiple per week,multiple per week,True,True,rate_bucket_or_denominator;benchmark_format_convention,none,primary layer is Purist-correct,True,,True,True,True
gan2026_hybrid_parallel_state_candidate_reasoner_validation750_gpt41mini_v0_deterministic_safety_floor_v2_replay_2026-06-03.jsonl,5624,validation,hybrid_adjudicator_with_adapters,1 per 10 day,1 per 10 day,True,True,unclassified,none,primary layer is Purist-correct,True,,True,True,True
gan2026_hybrid_parallel_state_candidate_reasoner_validation750_gpt41mini_v0_deterministic_safety_floor_v2_replay_2026-06-03.jsonl,5652,validation,hybrid_adjudicator_with_adapters,1 per 8 day,1 per 8 day,True,True,unclassified,none,primary layer is Purist-correct,True,,True,True,True
gan2026_hybrid_parallel_state_candidate_reasoner_validation750_gpt41mini_v0_deterministic_safety_floor_v2_replay_2026-06-03.jsonl,5682,validation,hybrid_adjudicator_with_adapters,2 to 4 per month,2 to 4 per month,True,True,unclassified,none,primary layer is Purist-correct,True,,True,True,True
gan2026_hybrid_parallel_state_candidate_reasoner_validation750_gpt41mini_v0_deterministic_safety_floor_v2_replay_2026-06-03.jsonl,5696,validation,hybrid_adjudicator_with_adapters,3 per 4 month,3 per 4 month,True,True,current_vs_historical,none,primary layer is Purist-correct,True,,True,True,True
gan2026_hybrid_parallel_state_candidate_reasoner_validation750_gpt41mini_v0_deterministic_safety_floor_v2_replay_2026-06-03.jsonl,5763,validation,hybrid_adjudicator_with_adapters,2 per month,6 per 3 month,True,True,current_vs_historical;competing_semiologies,none,primary layer is Purist-correct,True,,True,True,True
gan2026_hybrid_parallel_state_candidate_reasoner_validation750_gpt41mini_v0_deterministic_safety_floor_v2_replay_2026-06-03.jsonl,5767,validation,hybrid_adjudicator_with_adapters,1 per 1 to 2 week,1 per 1 to 2 week,True,True,unclassified,none,primary layer is Purist-correct,True,,True,True,True
gan2026_hybrid_parallel_state_candidate_reasoner_validation750_gpt41mini_v0_deterministic_safety_floor_v2_replay_2026-06-03.jsonl,5791,validation,hybrid_adjudicator_with_adapters,1 per month,3 per 3 month,True,True,current_vs_historical;competing_semiologies,none,primary layer is Purist-correct,True,,True,True,True
gan2026_hybrid_parallel_state_candidate_reasoner_validation750_gpt41mini_v0_deterministic_safety_floor_v2_replay_2026-06-03.jsonl,5827,validation,hybrid_adjudicator_with_adapters,multiple per week,multiple per week,True,True,rate_bucket_or_denominator;competing_semiologies;benchmark_format_convention,none,primary layer is Purist-correct,True,,True,True,True
gan2026_hybrid_parallel_state_candidate_reasoner_validation750_gpt41mini_v0_deterministic_safety_floor_v2_replay_2026-06-03.jsonl,5837,validation,hybrid_adjudicator_with_adapters,"2 cluster per 3 week, multiple per cluster","2 cluster per 3 week, multiple per cluster",True,True,cluster_burden;current_vs_historical;competing_semiologies;benchmark_format_convention,none,primary layer is Purist-correct,True,,True,True,True
gan2026_hybrid_parallel_state_candidate_reasoner_validation750_gpt41mini_v0_deterministic_safety_floor_v2_replay_2026-06-03.jsonl,5866,validation,hybrid_adjudicator_with_adapters,4 per 6 week,4 per 6 week,True,True,current_vs_historical,none,primary layer is Purist-correct,True,,True,True,True
gan2026_hybrid_parallel_state_candidate_reasoner_validation750_gpt41mini_v0_deterministic_safety_floor_v2_replay_2026-06-03.jsonl,5873,validation,hybrid_adjudicator_with_adapters,multiple per week,multiple per week,True,True,rate_bucket_or_denominator;benchmark_format_convention,none,primary layer is Purist-correct,True,,True,True,True
gan2026_hybrid_parallel_state_candidate_reasoner_validation750_gpt41mini_v0_deterministic_safety_floor_v2_replay_2026-06-03.jsonl,5921,validation,hybrid_adjudicator_with_adapters,1 per 6 to 8 week,1 per day,False,False,rate_bucket_or_denominator,projection,gold appears representable but projection is wrong,True,,False,True,True
gan2026_hybrid_parallel_state_candidate_reasoner_validation750_gpt41mini_v0_deterministic_safety_floor_v2_replay_2026-06-03.jsonl,5954,validation,hybrid_adjudicator_with_adapters,2 per week,3 per week,True,True,rate_bucket_or_denominator,none,primary layer is Purist-correct,True,,True,True,True
gan2026_hybrid_parallel_state_candidate_reasoner_validation750_gpt41mini_v0_deterministic_safety_floor_v2_replay_2026-06-03.jsonl,5961,validation,hybrid_adjudicator_with_adapters,1 per 2 to 3 week,1 per 2 to 3 week,True,True,unclassified,none,primary layer is Purist-correct,True,,True,True,True
gan2026_hybrid_parallel_state_candidate_reasoner_validation750_gpt41mini_v0_deterministic_safety_floor_v2_replay_2026-06-03.jsonl,5974,validation,hybrid_adjudicator_with_adapters,unknown,seizure free for multiple year,False,False,unknown_boundary;seizure_free_duration;uncertainty_or_ambiguity,candidate_generation,gold state absent from candidate set,True,,False,False,False
gan2026_hybrid_parallel_state_candidate_reasoner_validation750_gpt41mini_v0_deterministic_safety_floor_v2_replay_2026-06-03.jsonl,5977,validation,hybrid_adjudicator_with_adapters,unknown,multiple per 6 week,True,True,unknown_boundary;current_vs_historical;uncertainty_or_ambiguity;benchmark_format_convention,none,primary layer is Purist-correct,True,,True,False,False
gan2026_hybrid_parallel_state_candidate_reasoner_validation750_gpt41mini_v0_deterministic_safety_floor_v2_replay_2026-06-03.jsonl,5995,validation,hybrid_adjudicator_with_adapters,1 per 3 months,3 per 9 month,True,True,cluster_burden;competing_semiologies,none,primary layer is Purist-correct,True,,True,True,True
gan2026_hybrid_parallel_state_candidate_reasoner_validation750_gpt41mini_v0_deterministic_safety_floor_v2_replay_2026-06-03.jsonl,5996,validation,hybrid_adjudicator_with_adapters,unknown,no seizure frequency reference,True,True,unknown_boundary;uncertainty_or_ambiguity,none,primary layer is Purist-correct,True,,True,False,False
gan2026_hybrid_parallel_state_candidate_reasoner_validation750_gpt41mini_v0_deterministic_safety_floor_v2_replay_2026-06-03.jsonl,6026,validation,hybrid_adjudicator_with_adapters,3 per 2 month,3 per 2 month,True,True,current_vs_historical,none,primary layer is Purist-correct,True,,True,True,True
gan2026_hybrid_parallel_state_candidate_reasoner_validation750_gpt41mini_v0_deterministic_safety_floor_v2_replay_2026-06-03.jsonl,6029,validation,hybrid_adjudicator_with_adapters,unknown,no seizure frequency reference,True,True,unknown_boundary;current_vs_historical;uncertainty_or_ambiguity,none,primary layer is Purist-correct,True,,True,False,False
gan2026_hybrid_parallel_state_candidate_reasoner_validation750_gpt41mini_v0_deterministic_safety_floor_v2_replay_2026-06-03.jsonl,6034,validation,hybrid_adjudicator_with_adapters,unknown,no seizure frequency reference,True,True,unknown_boundary;diary_or_log_aggregation;current_vs_historical;uncertainty_or_ambiguity,none,primary layer is Purist-correct,True,,True,False,False
gan2026_hybrid_parallel_state_candidate_reasoner_validation750_gpt41mini_v0_deterministic_safety_floor_v2_replay_2026-06-03.jsonl,6065,validation,hybrid_adjudicator_with_adapters,5 per month,5 per month,True,True,competing_semiologies,none,primary layer is Purist-correct,True,,True,True,True
gan2026_hybrid_parallel_state_candidate_reasoner_validation750_gpt41mini_v0_deterministic_safety_floor_v2_replay_2026-06-03.jsonl,6077,validation,hybrid_adjudicator_with_adapters,unknown,seizure free for 8 month,False,False,unknown_boundary;seizure_free_duration;uncertainty_or_ambiguity,candidate_generation,gold state absent from candidate set,True,,False,False,False
gan2026_hybrid_parallel_state_candidate_reasoner_validation750_gpt41mini_v0_deterministic_safety_floor_v2_replay_2026-06-03.jsonl,6087,validation,hybrid_adjudicator_with_adapters,unknown,no seizure frequency reference,True,True,unknown_boundary;diary_or_log_aggregation;uncertainty_or_ambiguity,none,primary layer is Purist-correct,True,,True,False,False
gan2026_hybrid_parallel_state_candidate_reasoner_validation750_gpt41mini_v0_deterministic_safety_floor_v2_replay_2026-06-03.jsonl,6094,validation,hybrid_adjudicator_with_adapters,3 per month,3 per week,False,True,rate_bucket_or_denominator,candidate_generation,gold state absent from candidate set,True,,False,False,False
gan2026_hybrid_parallel_state_candidate_reasoner_validation750_gpt41mini_v0_deterministic_safety_floor_v2_replay_2026-06-03.jsonl,6112,validation,hybrid_adjudicator_with_adapters,3 to 5 per month,3 to 5 per month,True,True,competing_semiologies,none,primary layer is Purist-correct,True,,True,True,True
gan2026_hybrid_parallel_state_candidate_reasoner_validation750_gpt41mini_v0_deterministic_safety_floor_v2_replay_2026-06-03.jsonl,6131,validation,hybrid_adjudicator_with_adapters,unknown,seizure free for 6 month,False,False,unknown_boundary;seizure_free_duration;current_vs_historical;competing_semiologies;uncertainty_or_ambiguity,candidate_generation,gold state absent from candidate set,True,,False,False,False
gan2026_hybrid_parallel_state_candidate_reasoner_validation750_gpt41mini_v0_deterministic_safety_floor_v2_replay_2026-06-03.jsonl,6137,validation,hybrid_adjudicator_with_adapters,1 per 2 week,1 per 2 to 3 week,True,True,current_vs_historical,none,primary layer is Purist-correct,True,,True,False,False
gan2026_hybrid_parallel_state_candidate_reasoner_validation750_gpt41mini_v0_deterministic_safety_floor_v2_replay_2026-06-03.jsonl,6153,validation,hybrid_adjudicator_with_adapters,9 per month,1 per 1 to 2 week,False,True,unclassified,candidate_generation,gold state absent from candidate set,True,,False,False,False
gan2026_hybrid_parallel_state_candidate_reasoner_validation750_gpt41mini_v0_deterministic_safety_floor_v2_replay_2026-06-03.jsonl,6180,validation,hybrid_adjudicator_with_adapters,multiple per week,no seizure frequency reference,True,True,rate_bucket_or_denominator;current_vs_historical;benchmark_format_convention,none,primary layer is Purist-correct,True,,True,False,False
gan2026_hybrid_parallel_state_candidate_reasoner_validation750_gpt41mini_v0_deterministic_safety_floor_v2_replay_2026-06-03.jsonl,6192,validation,hybrid_adjudicator_with_adapters,unknown,no seizure frequency reference,True,True,unknown_boundary;diary_or_log_aggregation;uncertainty_or_ambiguity,none,primary layer is Purist-correct,True,,True,False,False
gan2026_hybrid_parallel_state_candidate_reasoner_validation750_gpt41mini_v0_deterministic_safety_floor_v2_replay_2026-06-03.jsonl,6204,validation,hybrid_adjudicator_with_adapters,2 per month,2 per month,True,True,unclassified,none,primary layer is Purist-correct,True,,True,True,True
gan2026_hybrid_parallel_state_candidate_reasoner_validation750_gpt41mini_v0_deterministic_safety_floor_v2_replay_2026-06-03.jsonl,6209,validation,hybrid_adjudicator_with_adapters,multiple per day,1 per day,False,False,rate_bucket_or_denominator;benchmark_format_convention,candidate_generation,gold state absent from candidate set,True,,False,False,False
gan2026_hybrid_parallel_state_candidate_reasoner_validation750_gpt41mini_v0_deterministic_safety_floor_v2_replay_2026-06-03.jsonl,6244,validation,hybrid_adjudicator_with_adapters,unknown,seizure free for multiple year,False,False,unknown_boundary;seizure_free_duration;uncertainty_or_ambiguity,candidate_generation,gold state absent from candidate set,True,,False,False,False
gan2026_hybrid_parallel_state_candidate_reasoner_validation750_gpt41mini_v0_deterministic_safety_floor_v2_replay_2026-06-03.jsonl,6251,validation,hybrid_adjudicator_with_adapters,1 per 1 to 2 month,1 per 1 to 2 month,True,True,current_vs_historical,none,primary layer is Purist-correct,True,,True,True,True
gan2026_hybrid_parallel_state_candidate_reasoner_validation750_gpt41mini_v0_deterministic_safety_floor_v2_replay_2026-06-03.jsonl,6273,validation,hybrid_adjudicator_with_adapters,unknown,no seizure frequency reference,True,True,unknown_boundary;uncertainty_or_ambiguity,none,primary layer is Purist-correct,True,,True,False,False
gan2026_hybrid_parallel_state_candidate_reasoner_validation750_gpt41mini_v0_deterministic_safety_floor_v2_replay_2026-06-03.jsonl,6319,validation,hybrid_adjudicator_with_adapters,1 per week,1 per week,True,True,rate_bucket_or_denominator,none,primary layer is Purist-correct,True,,True,True,True
gan2026_hybrid_parallel_state_candidate_reasoner_validation750_gpt41mini_v0_deterministic_safety_floor_v2_replay_2026-06-03.jsonl,6321,validation,hybrid_adjudicator_with_adapters,unknown,1 per day,False,False,unknown_boundary;rate_bucket_or_denominator;uncertainty_or_ambiguity,candidate_generation,gold state absent from candidate set,True,,False,False,False
gan2026_hybrid_parallel_state_candidate_reasoner_validation750_gpt41mini_v0_deterministic_safety_floor_v2_replay_2026-06-03.jsonl,6331,validation,hybrid_adjudicator_with_adapters,2 per 6 weeks,2 per 6 week,True,True,current_vs_historical,none,primary layer is Purist-correct,True,,True,True,True
gan2026_hybrid_parallel_state_candidate_reasoner_validation750_gpt41mini_v0_deterministic_safety_floor_v2_replay_2026-06-03.jsonl,6358,validation,hybrid_adjudicator_with_adapters,seizure free for 15 to 16 months,seizure free for multiple year,True,True,seizure_free_duration;current_vs_historical,none,primary layer is Purist-correct,True,,True,True,True
gan2026_hybrid_parallel_state_candidate_reasoner_validation750_gpt41mini_v0_deterministic_safety_floor_v2_replay_2026-06-03.jsonl,6368,validation,hybrid_adjudicator_with_adapters,unknown,1 per 1 to 2 week,False,False,unknown_boundary;uncertainty_or_ambiguity,candidate_generation,gold state absent from candidate set,True,,False,False,False
gan2026_hybrid_parallel_state_candidate_reasoner_validation750_gpt41mini_v0_deterministic_safety_floor_v2_replay_2026-06-03.jsonl,6395,validation,hybrid_adjudicator_with_adapters,1 to 2 per month,1 to 2 per month,True,True,current_vs_historical;competing_semiologies,none,primary layer is Purist-correct,True,,True,True,True
gan2026_hybrid_parallel_state_candidate_reasoner_validation750_gpt41mini_v0_deterministic_safety_floor_v2_replay_2026-06-03.jsonl,6501,validation,hybrid_adjudicator_with_adapters,unknown,seizure free for multiple year,False,False,unknown_boundary;seizure_free_duration;cluster_burden;competing_semiologies;uncertainty_or_ambiguity,candidate_generation,gold state absent from candidate set,True,,False,False,False
gan2026_hybrid_parallel_state_candidate_reasoner_validation750_gpt41mini_v0_deterministic_safety_floor_v2_replay_2026-06-03.jsonl,6509,validation,hybrid_adjudicator_with_adapters,1 per week,2 per 2 week,True,True,cluster_burden;rate_bucket_or_denominator;current_vs_historical;competing_semiologies,none,primary layer is Purist-correct,True,,True,True,True
gan2026_hybrid_parallel_state_candidate_reasoner_validation750_gpt41mini_v0_deterministic_safety_floor_v2_replay_2026-06-03.jsonl,6571,validation,hybrid_adjudicator_with_adapters,unknown,seizure free for multiple year,False,False,unknown_boundary;seizure_free_duration;uncertainty_or_ambiguity,candidate_generation,gold state absent from candidate set,True,,False,False,False
gan2026_hybrid_parallel_state_candidate_reasoner_validation750_gpt41mini_v0_deterministic_safety_floor_v2_replay_2026-06-03.jsonl,6607,validation,hybrid_adjudicator_with_adapters,unknown,no seizure frequency reference,True,True,unknown_boundary;diary_or_log_aggregation;uncertainty_or_ambiguity,none,primary layer is Purist-correct,True,,True,False,False
gan2026_hybrid_parallel_state_candidate_reasoner_validation750_gpt41mini_v0_deterministic_safety_floor_v2_replay_2026-06-03.jsonl,6684,validation,hybrid_adjudicator_with_adapters,3 per 4 month,3 per 4 month,True,True,current_vs_historical,none,primary layer is Purist-correct,True,,True,True,True
gan2026_hybrid_parallel_state_candidate_reasoner_validation750_gpt41mini_v0_deterministic_safety_floor_v2_replay_2026-06-03.jsonl,6701,validation,hybrid_adjudicator_with_adapters,4 per 3 week,4 per 3 week,True,True,current_vs_historical,none,primary layer is Purist-correct,True,,True,True,True
gan2026_hybrid_parallel_state_candidate_reasoner_validation750_gpt41mini_v0_deterministic_safety_floor_v2_replay_2026-06-03.jsonl,6738,validation,hybrid_adjudicator_with_adapters,1 per 6 to 8 week,1 per 6 to 8 week,True,True,competing_semiologies,none,primary layer is Purist-correct,True,,True,True,True
gan2026_hybrid_parallel_state_candidate_reasoner_validation750_gpt41mini_v0_deterministic_safety_floor_v2_replay_2026-06-03.jsonl,6852,validation,hybrid_adjudicator_with_adapters,4 to 6 per month,4 to 6 per month,True,True,uncertainty_or_ambiguity,none,primary layer is Purist-correct,True,,True,True,True
gan2026_hybrid_parallel_state_candidate_reasoner_validation750_gpt41mini_v0_deterministic_safety_floor_v2_replay_2026-06-03.jsonl,6889,validation,hybrid_adjudicator_with_adapters,multiple per week,1 per 2 to 3 week,False,False,rate_bucket_or_denominator;benchmark_format_convention,projection,gold appears representable but projection is wrong,True,,False,True,True
gan2026_hybrid_parallel_state_candidate_reasoner_validation750_gpt41mini_v0_deterministic_safety_floor_v2_replay_2026-06-03.jsonl,6952,validation,hybrid_adjudicator_with_adapters,2 per week,2 per week,True,True,rate_bucket_or_denominator,none,primary layer is Purist-correct,True,,True,True,True
gan2026_hybrid_parallel_state_candidate_reasoner_validation750_gpt41mini_v0_deterministic_safety_floor_v2_replay_2026-06-03.jsonl,6967,validation,hybrid_adjudicator_with_adapters,unknown,no seizure frequency reference,True,True,unknown_boundary;diary_or_log_aggregation;current_vs_historical;uncertainty_or_ambiguity,none,primary layer is Purist-correct,True,,True,False,False
gan2026_hybrid_parallel_state_candidate_reasoner_validation750_gpt41mini_v0_deterministic_safety_floor_v2_replay_2026-06-03.jsonl,6987,validation,hybrid_adjudicator_with_adapters,unknown,seizure free for multiple year,False,False,unknown_boundary;seizure_free_duration;current_vs_historical;competing_semiologies;uncertainty_or_ambiguity,candidate_generation,gold state absent from candidate set,True,,False,False,False
gan2026_hybrid_parallel_state_candidate_reasoner_validation750_gpt41mini_v0_deterministic_safety_floor_v2_replay_2026-06-03.jsonl,7093,validation,hybrid_adjudicator_with_adapters,unknown,no seizure frequency reference,True,True,unknown_boundary;diary_or_log_aggregation;uncertainty_or_ambiguity,none,primary layer is Purist-correct,True,,True,False,False
gan2026_hybrid_parallel_state_candidate_reasoner_validation750_gpt41mini_v0_deterministic_safety_floor_v2_replay_2026-06-03.jsonl,7126,validation,hybrid_adjudicator_with_adapters,unknown,no seizure frequency reference,True,True,unknown_boundary;current_vs_historical;competing_semiologies;uncertainty_or_ambiguity,none,primary layer is Purist-correct,True,,True,False,False
gan2026_hybrid_parallel_state_candidate_reasoner_validation750_gpt41mini_v0_deterministic_safety_floor_v2_replay_2026-06-03.jsonl,7141,validation,hybrid_adjudicator_with_adapters,unknown,no seizure frequency reference,True,True,unknown_boundary;uncertainty_or_ambiguity,none,primary layer is Purist-correct,True,,True,False,False
gan2026_hybrid_parallel_state_candidate_reasoner_validation750_gpt41mini_v0_deterministic_safety_floor_v2_replay_2026-06-03.jsonl,7167,validation,hybrid_adjudicator_with_adapters,"1 cluster per 2 weeks, 2 to 4 per cluster","3 cluster per 6 week, 2 to 4 per cluster",True,True,cluster_burden;current_vs_historical,none,primary layer is Purist-correct,True,,True,True,True
gan2026_hybrid_parallel_state_candidate_reasoner_validation750_gpt41mini_v0_deterministic_safety_floor_v2_replay_2026-06-03.jsonl,7168,validation,hybrid_adjudicator_with_adapters,unknown,2 per year,False,False,unknown_boundary;current_vs_historical;competing_semiologies;uncertainty_or_ambiguity,candidate_generation,gold state absent from candidate set,True,,False,False,False
gan2026_hybrid_parallel_state_candidate_reasoner_validation750_gpt41mini_v0_deterministic_safety_floor_v2_replay_2026-06-03.jsonl,7192,validation,hybrid_adjudicator_with_adapters,multiple per week,multiple per week,True,True,rate_bucket_or_denominator;benchmark_format_convention,none,primary layer is Purist-correct,True,,True,True,True
gan2026_hybrid_parallel_state_candidate_reasoner_validation750_gpt41mini_v0_deterministic_safety_floor_v2_replay_2026-06-03.jsonl,7195,validation,hybrid_adjudicator_with_adapters,unknown,no seizure frequency reference,True,True,unknown_boundary;diary_or_log_aggregation;uncertainty_or_ambiguity,none,primary layer is Purist-correct,True,,True,False,False
gan2026_hybrid_parallel_state_candidate_reasoner_validation750_gpt41mini_v0_deterministic_safety_floor_v2_replay_2026-06-03.jsonl,7196,validation,hybrid_adjudicator_with_adapters,1 per week,6 per 6 week,True,True,rate_bucket_or_denominator;current_vs_historical;competing_semiologies,none,primary layer is Purist-correct,True,,True,True,True
gan2026_hybrid_parallel_state_candidate_reasoner_validation750_gpt41mini_v0_deterministic_safety_floor_v2_replay_2026-06-03.jsonl,7198,validation,hybrid_adjudicator_with_adapters,unknown,no seizure frequency reference,True,True,unknown_boundary;current_vs_historical;uncertainty_or_ambiguity,none,primary layer is Purist-correct,True,,True,False,False
gan2026_hybrid_parallel_state_candidate_reasoner_validation750_gpt41mini_v0_deterministic_safety_floor_v2_replay_2026-06-03.jsonl,7275,validation,hybrid_adjudicator_with_adapters,1 per month,3 per 3 month,True,True,unclassified,none,primary layer is Purist-correct,True,,True,True,True
gan2026_hybrid_parallel_state_candidate_reasoner_validation750_gpt41mini_v0_deterministic_safety_floor_v2_replay_2026-06-03.jsonl,7290,validation,hybrid_adjudicator_with_adapters,unknown,no seizure frequency reference,True,True,unknown_boundary;uncertainty_or_ambiguity,none,primary layer is Purist-correct,True,,True,False,False
gan2026_hybrid_parallel_state_candidate_reasoner_validation750_gpt41mini_v0_deterministic_safety_floor_v2_replay_2026-06-03.jsonl,7316,validation,hybrid_adjudicator_with_adapters,1 to 2 per month,1 to 2 per month,True,True,competing_semiologies,none,primary layer is Purist-correct,True,,True,True,True
gan2026_hybrid_parallel_state_candidate_reasoner_validation750_gpt41mini_v0_deterministic_safety_floor_v2_replay_2026-06-03.jsonl,7389,validation,hybrid_adjudicator_with_adapters,unknown,no seizure frequency reference,True,True,unknown_boundary;uncertainty_or_ambiguity,none,primary layer is Purist-correct,True,,True,False,False
gan2026_hybrid_parallel_state_candidate_reasoner_validation750_gpt41mini_v0_deterministic_safety_floor_v2_replay_2026-06-03.jsonl,7392,validation,hybrid_adjudicator_with_adapters,2 to 4 per week,2 to 4 per week,True,True,rate_bucket_or_denominator;current_vs_historical,none,primary layer is Purist-correct,True,,True,True,True
gan2026_hybrid_parallel_state_candidate_reasoner_validation750_gpt41mini_v0_deterministic_safety_floor_v2_replay_2026-06-03.jsonl,7401,validation,hybrid_adjudicator_with_adapters,"2 cluster per 6 week, 1 to 2 per cluster","2 cluster per 6 week, 1 to 2 per cluster",True,True,cluster_burden;current_vs_historical;competing_semiologies,none,primary layer is Purist-correct,True,,True,True,True
gan2026_hybrid_parallel_state_candidate_reasoner_validation750_gpt41mini_v0_deterministic_safety_floor_v2_replay_2026-06-03.jsonl,7409,validation,hybrid_adjudicator_with_adapters,unknown,no seizure frequency reference,True,True,unknown_boundary;uncertainty_or_ambiguity,none,primary layer is Purist-correct,True,,True,False,False
gan2026_hybrid_parallel_state_candidate_reasoner_validation750_gpt41mini_v0_deterministic_safety_floor_v2_replay_2026-06-03.jsonl,7455,validation,hybrid_adjudicator_with_adapters,unknown,no seizure frequency reference,True,True,unknown_boundary;diary_or_log_aggregation;uncertainty_or_ambiguity,none,primary layer is Purist-correct,True,,True,False,False
gan2026_hybrid_parallel_state_candidate_reasoner_validation750_gpt41mini_v0_deterministic_safety_floor_v2_replay_2026-06-03.jsonl,7475,validation,hybrid_adjudicator_with_adapters,2 per 6 month,2 per 6 month,True,True,current_vs_historical;competing_semiologies;uncertainty_or_ambiguity,none,primary layer is Purist-correct,True,,True,True,True
gan2026_hybrid_parallel_state_candidate_reasoner_validation750_gpt41mini_v0_deterministic_safety_floor_v2_replay_2026-06-03.jsonl,7491,validation,hybrid_adjudicator_with_adapters,unknown,no seizure frequency reference,True,True,unknown_boundary;competing_semiologies;uncertainty_or_ambiguity,none,primary layer is Purist-correct,True,,True,False,False
gan2026_hybrid_parallel_state_candidate_reasoner_validation750_gpt41mini_v0_deterministic_safety_floor_v2_replay_2026-06-03.jsonl,7506,validation,hybrid_adjudicator_with_adapters,unknown,no seizure frequency reference,True,True,unknown_boundary;competing_semiologies;uncertainty_or_ambiguity,none,primary layer is Purist-correct,True,,True,False,False
gan2026_hybrid_parallel_state_candidate_reasoner_validation750_gpt41mini_v0_deterministic_safety_floor_v2_replay_2026-06-03.jsonl,7573,validation,hybrid_adjudicator_with_adapters,1 per 2 week,1 per 2 week,True,True,unclassified,none,primary layer is Purist-correct,True,,True,True,True
gan2026_hybrid_parallel_state_candidate_reasoner_validation750_gpt41mini_v0_deterministic_safety_floor_v2_replay_2026-06-03.jsonl,7581,validation,hybrid_adjudicator_with_adapters,2 to 3 per week,2 to 3 per week,True,True,rate_bucket_or_denominator,none,primary layer is Purist-correct,True,,True,True,True
gan2026_hybrid_parallel_state_candidate_reasoner_validation750_gpt41mini_v0_deterministic_safety_floor_v2_replay_2026-06-03.jsonl,7615,validation,hybrid_adjudicator_with_adapters,3 to 7 per month,2 per year,False,False,competing_semiologies,candidate_generation,gold state absent from candidate set,True,,False,False,False
gan2026_hybrid_parallel_state_candidate_reasoner_validation750_gpt41mini_v0_deterministic_safety_floor_v2_replay_2026-06-03.jsonl,7650,validation,hybrid_adjudicator_with_adapters,unknown,no seizure frequency reference,True,True,unknown_boundary;competing_semiologies;uncertainty_or_ambiguity,none,primary layer is Purist-correct,True,,True,False,False
gan2026_hybrid_parallel_state_candidate_reasoner_validation750_gpt41mini_v0_deterministic_safety_floor_v2_replay_2026-06-03.jsonl,7738,validation,hybrid_adjudicator_with_adapters,seizure free for multiple month,seizure free for multiple year,True,True,seizure_free_duration;current_vs_historical,none,primary layer is Purist-correct,True,,True,True,True
gan2026_hybrid_parallel_state_candidate_reasoner_validation750_gpt41mini_v0_deterministic_safety_floor_v2_replay_2026-06-03.jsonl,7785,validation,hybrid_adjudicator_with_adapters,seizure free for 12 month,seizure free for 12 month,True,True,seizure_free_duration;current_vs_historical,none,primary layer is Purist-correct,True,,True,True,True
gan2026_hybrid_parallel_state_candidate_reasoner_validation750_gpt41mini_v0_deterministic_safety_floor_v2_replay_2026-06-03.jsonl,7818,validation,hybrid_adjudicator_with_adapters,seizure free for 2 years,seizure free for multiple year,True,True,seizure_free_duration,none,primary layer is Purist-correct,True,,True,True,True
gan2026_hybrid_parallel_state_candidate_reasoner_validation750_gpt41mini_v0_deterministic_safety_floor_v2_replay_2026-06-03.jsonl,7834,validation,hybrid_adjudicator_with_adapters,seizure free for multiple month,seizure free for multiple year,True,True,seizure_free_duration,none,primary layer is Purist-correct,True,,True,True,True
gan2026_hybrid_parallel_state_candidate_reasoner_validation750_gpt41mini_v0_deterministic_safety_floor_v2_replay_2026-06-03.jsonl,7859,validation,hybrid_adjudicator_with_adapters,unknown,no seizure frequency reference,True,True,unknown_boundary;current_vs_historical;uncertainty_or_ambiguity,none,primary layer is Purist-correct,True,,True,False,False
gan2026_hybrid_parallel_state_candidate_reasoner_validation750_gpt41mini_v0_deterministic_safety_floor_v2_replay_2026-06-03.jsonl,7872,validation,hybrid_adjudicator_with_adapters,seizure free for multiple month,seizure free for multiple year,True,True,seizure_free_duration,none,primary layer is Purist-correct,True,,True,True,True
gan2026_hybrid_parallel_state_candidate_reasoner_validation750_gpt41mini_v0_deterministic_safety_floor_v2_replay_2026-06-03.jsonl,7911,validation,hybrid_adjudicator_with_adapters,seizure free for multiple month,seizure free for multiple year,True,True,seizure_free_duration;current_vs_historical;competing_semiologies,none,primary layer is Purist-correct,True,,True,True,True
gan2026_hybrid_parallel_state_candidate_reasoner_validation750_gpt41mini_v0_deterministic_safety_floor_v2_replay_2026-06-03.jsonl,7961,validation,hybrid_adjudicator_with_adapters,seizure free for multiple year,seizure free for multiple year,True,True,seizure_free_duration,none,primary layer is Purist-correct,True,,True,True,True
gan2026_hybrid_parallel_state_candidate_reasoner_validation750_gpt41mini_v0_deterministic_safety_floor_v2_replay_2026-06-03.jsonl,8002,validation,hybrid_adjudicator_with_adapters,1 per 6 to 8 week,1 per 6 to 8 week,True,True,unclassified,none,primary layer is Purist-correct,True,,True,True,True
gan2026_hybrid_parallel_state_candidate_reasoner_validation750_gpt41mini_v0_deterministic_safety_floor_v2_replay_2026-06-03.jsonl,8006,validation,hybrid_adjudicator_with_adapters,seizure free for multiple month,seizure free for multiple year,True,True,seizure_free_duration,none,primary layer is Purist-correct,True,,True,True,True
gan2026_hybrid_parallel_state_candidate_reasoner_validation750_gpt41mini_v0_deterministic_safety_floor_v2_replay_2026-06-03.jsonl,8079,validation,hybrid_adjudicator_with_adapters,seizure free for 18 month,seizure free for 18 month,True,True,seizure_free_duration;current_vs_historical,none,primary layer is Purist-correct,True,,True,True,True
gan2026_hybrid_parallel_state_candidate_reasoner_validation750_gpt41mini_v0_deterministic_safety_floor_v2_replay_2026-06-03.jsonl,8089,validation,hybrid_adjudicator_with_adapters,seizure free for 16 month,seizure free for 16 month,True,True,seizure_free_duration;current_vs_historical,none,primary layer is Purist-correct,True,,True,True,True
gan2026_hybrid_parallel_state_candidate_reasoner_validation750_gpt41mini_v0_deterministic_safety_floor_v2_replay_2026-06-03.jsonl,8124,validation,hybrid_adjudicator_with_adapters,seizure free for 13 month,seizure free for 13 month,True,True,seizure_free_duration;current_vs_historical,none,primary layer is Purist-correct,True,,True,True,True
gan2026_hybrid_parallel_state_candidate_reasoner_validation750_gpt41mini_v0_deterministic_safety_floor_v2_replay_2026-06-03.jsonl,8144,validation,hybrid_adjudicator_with_adapters,seizure free for multiple month,seizure free for multiple year,True,True,seizure_free_duration,none,primary layer is Purist-correct,True,,True,True,True
gan2026_hybrid_parallel_state_candidate_reasoner_validation750_gpt41mini_v0_deterministic_safety_floor_v2_replay_2026-06-03.jsonl,8145,validation,hybrid_adjudicator_with_adapters,seizure free for 6 month,seizure free for multiple year,True,True,seizure_free_duration;current_vs_historical,none,primary layer is Purist-correct,True,,True,True,True
gan2026_hybrid_parallel_state_candidate_reasoner_validation750_gpt41mini_v0_deterministic_safety_floor_v2_replay_2026-06-03.jsonl,8160,validation,hybrid_adjudicator_with_adapters,seizure free for multiple month,seizure free for multiple year,True,True,seizure_free_duration,none,primary layer is Purist-correct,True,,True,True,True
gan2026_hybrid_parallel_state_candidate_reasoner_validation750_gpt41mini_v0_deterministic_safety_floor_v2_replay_2026-06-03.jsonl,8180,validation,hybrid_adjudicator_with_adapters,seizure free for multiple month,seizure free for multiple year,True,True,seizure_free_duration;current_vs_historical,none,primary layer is Purist-correct,True,,True,True,True
gan2026_hybrid_parallel_state_candidate_reasoner_validation750_gpt41mini_v0_deterministic_safety_floor_v2_replay_2026-06-03.jsonl,8188,validation,hybrid_adjudicator_with_adapters,seizure free for multiple month,seizure free for multiple year,True,True,seizure_free_duration;current_vs_historical,none,primary layer is Purist-correct,True,,True,True,True
gan2026_hybrid_parallel_state_candidate_reasoner_validation750_gpt41mini_v0_deterministic_safety_floor_v2_replay_2026-06-03.jsonl,8203,validation,hybrid_adjudicator_with_adapters,seizure free for multiple month,seizure free for multiple year,True,True,seizure_free_duration;current_vs_historical,none,primary layer is Purist-correct,True,,True,True,True
gan2026_hybrid_parallel_state_candidate_reasoner_validation750_gpt41mini_v0_deterministic_safety_floor_v2_replay_2026-06-03.jsonl,8224,validation,hybrid_adjudicator_with_adapters,seizure free for multiple month,seizure free for multiple year,True,True,seizure_free_duration,none,primary layer is Purist-correct,True,,True,True,True
gan2026_hybrid_parallel_state_candidate_reasoner_validation750_gpt41mini_v0_deterministic_safety_floor_v2_replay_2026-06-03.jsonl,8235,validation,hybrid_adjudicator_with_adapters,seizure free for multiple month,seizure free for multiple year,True,True,seizure_free_duration;current_vs_historical,none,primary layer is Purist-correct,True,,True,True,True
gan2026_hybrid_parallel_state_candidate_reasoner_validation750_gpt41mini_v0_deterministic_safety_floor_v2_replay_2026-06-03.jsonl,8264,validation,hybrid_adjudicator_with_adapters,seizure free for 4 month,seizure free for multiple year,True,True,seizure_free_duration;competing_semiologies,none,primary layer is Purist-correct,True,,True,True,True
gan2026_hybrid_parallel_state_candidate_reasoner_validation750_gpt41mini_v0_deterministic_safety_floor_v2_replay_2026-06-03.jsonl,8265,validation,hybrid_adjudicator_with_adapters,seizure free for 6 month,seizure free for multiple year,True,True,seizure_free_duration;competing_semiologies,none,primary layer is Purist-correct,True,,True,True,True
gan2026_hybrid_parallel_state_candidate_reasoner_validation750_gpt41mini_v0_deterministic_safety_floor_v2_replay_2026-06-03.jsonl,8354,validation,hybrid_adjudicator_with_adapters,seizure free for multiple month,seizure free for multiple year,True,True,seizure_free_duration,none,primary layer is Purist-correct,True,,True,True,True
gan2026_hybrid_parallel_state_candidate_reasoner_validation750_gpt41mini_v0_deterministic_safety_floor_v2_replay_2026-06-03.jsonl,8355,validation,hybrid_adjudicator_with_adapters,seizure free for multiple year,seizure free for multiple year,True,True,seizure_free_duration,none,primary layer is Purist-correct,True,,True,True,True
gan2026_hybrid_parallel_state_candidate_reasoner_validation750_gpt41mini_v0_deterministic_safety_floor_v2_replay_2026-06-03.jsonl,8400,validation,hybrid_adjudicator_with_adapters,seizure free for multiple month,seizure free for multiple year,True,True,seizure_free_duration,none,primary layer is Purist-correct,True,,True,True,True
gan2026_hybrid_parallel_state_candidate_reasoner_validation750_gpt41mini_v0_deterministic_safety_floor_v2_replay_2026-06-03.jsonl,8419,validation,hybrid_adjudicator_with_adapters,1 to 2 per week,2 per week,True,True,rate_bucket_or_denominator,none,primary layer is Purist-correct,True,,True,False,False
gan2026_hybrid_parallel_state_candidate_reasoner_validation750_gpt41mini_v0_deterministic_safety_floor_v2_replay_2026-06-03.jsonl,8474,validation,hybrid_adjudicator_with_adapters,seizure free for multiple month,seizure free for multiple year,True,True,seizure_free_duration,none,primary layer is Purist-correct,True,,True,True,True
gan2026_hybrid_parallel_state_candidate_reasoner_validation750_gpt41mini_v0_deterministic_safety_floor_v2_replay_2026-06-03.jsonl,8512,validation,hybrid_adjudicator_with_adapters,seizure free for multiple month,seizure free for multiple year,True,True,seizure_free_duration;current_vs_historical,none,primary layer is Purist-correct,True,,True,True,True
gan2026_hybrid_parallel_state_candidate_reasoner_validation750_gpt41mini_v0_deterministic_safety_floor_v2_replay_2026-06-03.jsonl,8564,validation,hybrid_adjudicator_with_adapters,seizure free for 6 month,seizure free for 6 month,True,True,seizure_free_duration;current_vs_historical,none,primary layer is Purist-correct,True,,True,True,True
gan2026_hybrid_parallel_state_candidate_reasoner_validation750_gpt41mini_v0_deterministic_safety_floor_v2_replay_2026-06-03.jsonl,8577,validation,hybrid_adjudicator_with_adapters,seizure free for multiple month,seizure free for multiple year,True,True,seizure_free_duration;diary_or_log_aggregation;current_vs_historical;competing_semiologies,none,primary layer is Purist-correct,True,,True,True,True
gan2026_hybrid_parallel_state_candidate_reasoner_validation750_gpt41mini_v0_deterministic_safety_floor_v2_replay_2026-06-03.jsonl,8581,validation,hybrid_adjudicator_with_adapters,seizure free for multiple month,seizure free for multiple year,True,True,seizure_free_duration,none,primary layer is Purist-correct,True,,True,True,True
gan2026_hybrid_parallel_state_candidate_reasoner_validation750_gpt41mini_v0_deterministic_safety_floor_v2_replay_2026-06-03.jsonl,8593,validation,hybrid_adjudicator_with_adapters,seizure free for 14 month,seizure free for 14 month,True,True,seizure_free_duration,none,primary layer is Purist-correct,True,,True,True,True
gan2026_hybrid_parallel_state_candidate_reasoner_validation750_gpt41mini_v0_deterministic_safety_floor_v2_replay_2026-06-03.jsonl,8596,validation,hybrid_adjudicator_with_adapters,seizure free for 11 month,seizure free for 11 month,True,True,seizure_free_duration,none,primary layer is Purist-correct,True,,True,True,True
gan2026_hybrid_parallel_state_candidate_reasoner_validation750_gpt41mini_v0_deterministic_safety_floor_v2_replay_2026-06-03.jsonl,8674,validation,hybrid_adjudicator_with_adapters,seizure free for multiple month,seizure free for multiple year,True,True,seizure_free_duration;current_vs_historical,none,primary layer is Purist-correct,True,,True,True,True
gan2026_hybrid_parallel_state_candidate_reasoner_validation750_gpt41mini_v0_deterministic_safety_floor_v2_replay_2026-06-03.jsonl,8724,validation,hybrid_adjudicator_with_adapters,seizure free for multiple month,seizure free for multiple year,True,True,seizure_free_duration;current_vs_historical,none,primary layer is Purist-correct,True,,True,True,True
gan2026_hybrid_parallel_state_candidate_reasoner_validation750_gpt41mini_v0_deterministic_safety_floor_v2_replay_2026-06-03.jsonl,8730,validation,hybrid_adjudicator_with_adapters,seizure free for 6 month,seizure free for multiple year,True,True,seizure_free_duration;current_vs_historical,none,primary layer is Purist-correct,True,,True,True,True
gan2026_hybrid_parallel_state_candidate_reasoner_validation750_gpt41mini_v0_deterministic_safety_floor_v2_replay_2026-06-03.jsonl,8794,validation,hybrid_adjudicator_with_adapters,seizure free for 6 month,seizure free for multiple year,True,True,seizure_free_duration,none,primary layer is Purist-correct,True,,True,True,True
gan2026_hybrid_parallel_state_candidate_reasoner_validation750_gpt41mini_v0_deterministic_safety_floor_v2_replay_2026-06-03.jsonl,8802,validation,hybrid_adjudicator_with_adapters,seizure free for 12 month,seizure free for multiple year,True,True,seizure_free_duration;current_vs_historical,none,primary layer is Purist-correct,True,,True,True,True
gan2026_hybrid_parallel_state_candidate_reasoner_validation750_gpt41mini_v0_deterministic_safety_floor_v2_replay_2026-06-03.jsonl,8805,validation,hybrid_adjudicator_with_adapters,seizure free for multiple month,seizure free for multiple year,True,True,seizure_free_duration,none,primary layer is Purist-correct,True,,True,True,True
gan2026_hybrid_parallel_state_candidate_reasoner_validation750_gpt41mini_v0_deterministic_safety_floor_v2_replay_2026-06-03.jsonl,8808,validation,hybrid_adjudicator_with_adapters,seizure free for 10 month,seizure free for multiple year,True,True,seizure_free_duration;current_vs_historical,none,primary layer is Purist-correct,True,,True,True,True
gan2026_hybrid_parallel_state_candidate_reasoner_validation750_gpt41mini_v0_deterministic_safety_floor_v2_replay_2026-06-03.jsonl,8820,validation,hybrid_adjudicator_with_adapters,seizure free for 7 month,seizure free for multiple year,True,True,seizure_free_duration;diary_or_log_aggregation;current_vs_historical,none,primary layer is Purist-correct,True,,True,True,True
gan2026_hybrid_parallel_state_candidate_reasoner_validation750_gpt41mini_v0_deterministic_safety_floor_v2_replay_2026-06-03.jsonl,8835,validation,hybrid_adjudicator_with_adapters,seizure free for 10 month,seizure free for multiple year,True,True,seizure_free_duration;diary_or_log_aggregation;current_vs_historical,none,primary layer is Purist-correct,True,,True,True,True
gan2026_hybrid_parallel_state_candidate_reasoner_validation750_gpt41mini_v0_deterministic_safety_floor_v2_replay_2026-06-03.jsonl,8854,validation,hybrid_adjudicator_with_adapters,seizure free for multiple month,seizure free for multiple year,True,True,seizure_free_duration;current_vs_historical,none,primary layer is Purist-correct,True,,True,True,True
gan2026_hybrid_parallel_state_candidate_reasoner_validation750_gpt41mini_v0_deterministic_safety_floor_v2_replay_2026-06-03.jsonl,8893,validation,hybrid_adjudicator_with_adapters,seizure free for multiple month,seizure free for multiple year,True,True,seizure_free_duration,none,primary layer is Purist-correct,True,,True,True,True
gan2026_hybrid_parallel_state_candidate_reasoner_validation750_gpt41mini_v0_deterministic_safety_floor_v2_replay_2026-06-03.jsonl,8922,validation,hybrid_adjudicator_with_adapters,seizure free for multiple month,seizure free for multiple year,True,True,seizure_free_duration;competing_semiologies,none,primary layer is Purist-correct,True,,True,True,True
gan2026_hybrid_parallel_state_candidate_reasoner_validation750_gpt41mini_v0_deterministic_safety_floor_v2_replay_2026-06-03.jsonl,8924,validation,hybrid_adjudicator_with_adapters,seizure free for multiple month,seizure free for multiple year,True,True,seizure_free_duration,none,primary layer is Purist-correct,True,,True,True,True
gan2026_hybrid_parallel_state_candidate_reasoner_validation750_gpt41mini_v0_deterministic_safety_floor_v2_replay_2026-06-03.jsonl,8938,validation,hybrid_adjudicator_with_adapters,seizure free for 10 month,seizure free for multiple year,True,True,seizure_free_duration;current_vs_historical,none,primary layer is Purist-correct,True,,True,True,True
gan2026_hybrid_parallel_state_candidate_reasoner_validation750_gpt41mini_v0_deterministic_safety_floor_v2_replay_2026-06-03.jsonl,8949,validation,hybrid_adjudicator_with_adapters,seizure free for 6 month,seizure free for 6 month,True,True,seizure_free_duration;current_vs_historical,none,primary layer is Purist-correct,True,,True,True,True
gan2026_hybrid_parallel_state_candidate_reasoner_validation750_gpt41mini_v0_deterministic_safety_floor_v2_replay_2026-06-03.jsonl,8969,validation,hybrid_adjudicator_with_adapters,seizure free for multiple month,seizure free for multiple year,True,True,seizure_free_duration,none,primary layer is Purist-correct,True,,True,True,True
gan2026_hybrid_parallel_state_candidate_reasoner_validation750_gpt41mini_v0_deterministic_safety_floor_v2_replay_2026-06-03.jsonl,9002,validation,hybrid_adjudicator_with_adapters,7 per year,7 per year,True,True,seizure_free_duration,none,primary layer is Purist-correct,True,,True,True,True
gan2026_hybrid_parallel_state_candidate_reasoner_validation750_gpt41mini_v0_deterministic_safety_floor_v2_replay_2026-06-03.jsonl,9063,validation,hybrid_adjudicator_with_adapters,seizure free for 8 month,seizure free for 8 month,True,True,seizure_free_duration;current_vs_historical;competing_semiologies,none,primary layer is Purist-correct,True,,True,True,True
gan2026_hybrid_parallel_state_candidate_reasoner_validation750_gpt41mini_v0_deterministic_safety_floor_v2_replay_2026-06-03.jsonl,9103,validation,hybrid_adjudicator_with_adapters,unknown,no seizure frequency reference,True,True,unknown_boundary;current_vs_historical;competing_semiologies;uncertainty_or_ambiguity,none,primary layer is Purist-correct,True,,True,False,False
gan2026_hybrid_parallel_state_candidate_reasoner_validation750_gpt41mini_v0_deterministic_safety_floor_v2_replay_2026-06-03.jsonl,9163,validation,hybrid_adjudicator_with_adapters,seizure free for multiple month,seizure free for multiple year,True,True,seizure_free_duration,none,primary layer is Purist-correct,True,,True,True,True
gan2026_hybrid_parallel_state_candidate_reasoner_validation750_gpt41mini_v0_deterministic_safety_floor_v2_replay_2026-06-03.jsonl,9190,validation,hybrid_adjudicator_with_adapters,seizure free for multiple month,seizure free for multiple year,True,True,seizure_free_duration;current_vs_historical;competing_semiologies,none,primary layer is Purist-correct,True,,True,True,True
gan2026_hybrid_parallel_state_candidate_reasoner_validation750_gpt41mini_v0_deterministic_safety_floor_v2_replay_2026-06-03.jsonl,9215,validation,hybrid_adjudicator_with_adapters,seizure free for multiple month,seizure free for multiple year,True,True,seizure_free_duration,none,primary layer is Purist-correct,True,,True,True,True
gan2026_hybrid_parallel_state_candidate_reasoner_validation750_gpt41mini_v0_deterministic_safety_floor_v2_replay_2026-06-03.jsonl,9238,validation,hybrid_adjudicator_with_adapters,seizure free for multiple month,seizure free for multiple year,True,True,seizure_free_duration,none,primary layer is Purist-correct,True,,True,True,True
gan2026_hybrid_parallel_state_candidate_reasoner_validation750_gpt41mini_v0_deterministic_safety_floor_v2_replay_2026-06-03.jsonl,9250,validation,hybrid_adjudicator_with_adapters,seizure free for multiple month,seizure free for multiple year,True,True,seizure_free_duration,none,primary layer is Purist-correct,True,,True,True,True
gan2026_hybrid_parallel_state_candidate_reasoner_validation750_gpt41mini_v0_deterministic_safety_floor_v2_replay_2026-06-03.jsonl,9259,validation,hybrid_adjudicator_with_adapters,seizure free for 1 year,seizure free for multiple year,True,True,seizure_free_duration,none,primary layer is Purist-correct,True,,True,True,True
gan2026_hybrid_parallel_state_candidate_reasoner_validation750_gpt41mini_v0_deterministic_safety_floor_v2_replay_2026-06-03.jsonl,9287,validation,hybrid_adjudicator_with_adapters,3 to 5 per week,3 to 5 per week,True,True,rate_bucket_or_denominator;competing_semiologies,none,primary layer is Purist-correct,True,,True,True,True
gan2026_hybrid_parallel_state_candidate_reasoner_validation750_gpt41mini_v0_deterministic_safety_floor_v2_replay_2026-06-03.jsonl,9299,validation,hybrid_adjudicator_with_adapters,5 per week,5 per week,True,True,rate_bucket_or_denominator;competing_semiologies,none,primary layer is Purist-correct,True,,True,True,True
gan2026_hybrid_parallel_state_candidate_reasoner_validation750_gpt41mini_v0_deterministic_safety_floor_v2_replay_2026-06-03.jsonl,9300,validation,hybrid_adjudicator_with_adapters,2 to 4 per week,2 to 4 per week,True,True,rate_bucket_or_denominator;competing_semiologies,none,primary layer is Purist-correct,True,,True,True,True
gan2026_hybrid_parallel_state_candidate_reasoner_validation750_gpt41mini_v0_deterministic_safety_floor_v2_replay_2026-06-03.jsonl,9344,validation,hybrid_adjudicator_with_adapters,multiple per day,multiple per day,True,True,rate_bucket_or_denominator;current_vs_historical;competing_semiologies;benchmark_format_convention,none,primary layer is Purist-correct,True,,True,True,True
gan2026_hybrid_parallel_state_candidate_reasoner_validation750_gpt41mini_v0_deterministic_safety_floor_v2_replay_2026-06-03.jsonl,9365,validation,hybrid_adjudicator_with_adapters,1 per 2 day,1 per 2 day,True,True,competing_semiologies,none,primary layer is Purist-correct,True,,True,True,True
gan2026_hybrid_parallel_state_candidate_reasoner_validation750_gpt41mini_v0_deterministic_safety_floor_v2_replay_2026-06-03.jsonl,9368,validation,hybrid_adjudicator_with_adapters,1 per 2 day,1 per 2 day,True,True,competing_semiologies,none,primary layer is Purist-correct,True,,True,True,True
gan2026_hybrid_parallel_state_candidate_reasoner_validation750_gpt41mini_v0_deterministic_safety_floor_v2_replay_2026-06-03.jsonl,9391,validation,hybrid_adjudicator_with_adapters,1 per month,1 per month,True,True,rate_bucket_or_denominator,none,primary layer is Purist-correct,True,,True,True,True
gan2026_hybrid_parallel_state_candidate_reasoner_validation750_gpt41mini_v0_deterministic_safety_floor_v2_replay_2026-06-03.jsonl,9397,validation,hybrid_adjudicator_with_adapters,1 per month,1 per month,True,True,rate_bucket_or_denominator;competing_semiologies,none,primary layer is Purist-correct,True,,True,True,True
gan2026_hybrid_parallel_state_candidate_reasoner_validation750_gpt41mini_v0_deterministic_safety_floor_v2_replay_2026-06-03.jsonl,9449,validation,hybrid_adjudicator_with_adapters,4 per 6 month,4 per 6 month,True,True,competing_semiologies,none,primary layer is Purist-correct,True,,True,True,True
gan2026_hybrid_parallel_state_candidate_reasoner_validation750_gpt41mini_v0_deterministic_safety_floor_v2_replay_2026-06-03.jsonl,9462,validation,hybrid_adjudicator_with_adapters,7 per 11 month,7 per 11 month,True,True,competing_semiologies,none,primary layer is Purist-correct,True,,True,True,True
gan2026_hybrid_parallel_state_candidate_reasoner_validation750_gpt41mini_v0_deterministic_safety_floor_v2_replay_2026-06-03.jsonl,9496,validation,hybrid_adjudicator_with_adapters,6 per 12 month,2 per week,False,False,rate_bucket_or_denominator;competing_semiologies,candidate_generation,gold state absent from candidate set,True,,False,False,False
gan2026_hybrid_parallel_state_candidate_reasoner_validation750_gpt41mini_v0_deterministic_safety_floor_v2_replay_2026-06-03.jsonl,9547,validation,hybrid_adjudicator_with_adapters,unknown,no seizure frequency reference,True,True,unknown_boundary;current_vs_historical;competing_semiologies;uncertainty_or_ambiguity,none,primary layer is Purist-correct,True,,True,False,False
gan2026_hybrid_parallel_state_candidate_reasoner_validation750_gpt41mini_v0_deterministic_safety_floor_v2_replay_2026-06-03.jsonl,9588,validation,hybrid_adjudicator_with_adapters,seizure free for multiple month,seizure free for multiple year,True,True,seizure_free_duration;current_vs_historical;competing_semiologies,none,primary layer is Purist-correct,True,,True,True,True
gan2026_hybrid_parallel_state_candidate_reasoner_validation750_gpt41mini_v0_deterministic_safety_floor_v2_replay_2026-06-03.jsonl,9704,validation,hybrid_adjudicator_with_adapters,unknown,no seizure frequency reference,True,True,unknown_boundary;diary_or_log_aggregation;competing_semiologies;uncertainty_or_ambiguity,none,primary layer is Purist-correct,True,,True,False,False
gan2026_hybrid_parallel_state_candidate_reasoner_validation750_gpt41mini_v0_deterministic_safety_floor_v2_replay_2026-06-03.jsonl,9815,validation,hybrid_adjudicator_with_adapters,multiple per day,no seizure frequency reference,True,True,rate_bucket_or_denominator;current_vs_historical;competing_semiologies;benchmark_format_convention,none,primary layer is Purist-correct,True,,True,False,False
gan2026_hybrid_parallel_state_candidate_reasoner_validation750_gpt41mini_v0_deterministic_safety_floor_v2_replay_2026-06-03.jsonl,9877,validation,hybrid_adjudicator_with_adapters,unknown,no seizure frequency reference,True,True,unknown_boundary;diary_or_log_aggregation;competing_semiologies;uncertainty_or_ambiguity,none,primary layer is Purist-correct,True,,True,False,False
gan2026_hybrid_parallel_state_candidate_reasoner_validation750_gpt41mini_v0_deterministic_safety_floor_v2_replay_2026-06-03.jsonl,9879,validation,hybrid_adjudicator_with_adapters,unknown,no seizure frequency reference,True,True,unknown_boundary;competing_semiologies;uncertainty_or_ambiguity,none,primary layer is Purist-correct,True,,True,False,False
gan2026_hybrid_parallel_state_candidate_reasoner_validation750_gpt41mini_v0_deterministic_safety_floor_v2_replay_2026-06-03.jsonl,9888,validation,hybrid_adjudicator_with_adapters,unknown,seizure free for multiple year,False,False,unknown_boundary;seizure_free_duration;current_vs_historical;competing_semiologies;uncertainty_or_ambiguity,candidate_generation,gold state absent from candidate set,True,,False,False,False
gan2026_hybrid_parallel_state_candidate_reasoner_validation750_gpt41mini_v0_deterministic_safety_floor_v2_replay_2026-06-03.jsonl,9912,validation,hybrid_adjudicator_with_adapters,unknown,no seizure frequency reference,True,True,unknown_boundary;competing_semiologies;uncertainty_or_ambiguity,none,primary layer is Purist-correct,True,,True,False,False
gan2026_hybrid_parallel_state_candidate_reasoner_validation750_gpt41mini_v0_deterministic_safety_floor_v2_replay_2026-06-03.jsonl,9937,validation,hybrid_adjudicator_with_adapters,"1 cluster per month, multiple per cluster",1 per multiple week,False,False,cluster_burden;rate_bucket_or_denominator;uncertainty_or_ambiguity;benchmark_format_convention,candidate_generation,gold state absent from candidate set,True,,False,False,False
gan2026_hybrid_parallel_state_candidate_reasoner_validation750_gpt41mini_v0_deterministic_safety_floor_v2_replay_2026-06-03.jsonl,9943,validation,hybrid_adjudicator_with_adapters,"1 cluster per 4 to 5 week, multiple per cluster",1 per 4 to 5 week,False,False,cluster_burden;rate_bucket_or_denominator;uncertainty_or_ambiguity;benchmark_format_convention,candidate_generation,gold state absent from candidate set,True,,False,False,False
gan2026_hybrid_parallel_state_candidate_reasoner_validation750_gpt41mini_v0_deterministic_safety_floor_v2_replay_2026-06-03.jsonl,9955,validation,hybrid_adjudicator_with_adapters,"1 cluster per month, multiple per cluster",1 per month,False,False,cluster_burden;rate_bucket_or_denominator;uncertainty_or_ambiguity;benchmark_format_convention,candidate_generation,gold state absent from candidate set,True,,False,False,False
gan2026_hybrid_parallel_state_candidate_reasoner_validation750_gpt41mini_v0_deterministic_safety_floor_v2_replay_2026-06-03.jsonl,10003,validation,hybrid_adjudicator_with_adapters,"1 cluster per week, multiple per cluster","1 cluster per week, multiple per cluster",True,True,cluster_burden;rate_bucket_or_denominator;benchmark_format_convention,none,primary layer is Purist-correct,True,,True,True,True
gan2026_hybrid_parallel_state_candidate_reasoner_validation750_gpt41mini_v0_deterministic_safety_floor_v2_replay_2026-06-03.jsonl,10047,validation,hybrid_adjudicator_with_adapters,"2 cluster per 3 month, multiple per cluster","2 cluster per 3 month, multiple per cluster",True,True,cluster_burden;benchmark_format_convention,none,primary layer is Purist-correct,True,,True,True,True
gan2026_hybrid_parallel_state_candidate_reasoner_validation750_gpt41mini_v0_deterministic_safety_floor_v2_replay_2026-06-03.jsonl,10063,validation,hybrid_adjudicator_with_adapters,"3 cluster per 3 month, multiple per cluster","3 cluster per 3 month, multiple per cluster",True,True,cluster_burden;benchmark_format_convention,none,primary layer is Purist-correct,True,,True,True,True
gan2026_hybrid_parallel_state_candidate_reasoner_validation750_gpt41mini_v0_deterministic_safety_floor_v2_replay_2026-06-03.jsonl,10097,validation,hybrid_adjudicator_with_adapters,"3 cluster per month, multiple per cluster","3 cluster per month, multiple per cluster",True,True,cluster_burden;benchmark_format_convention,none,primary layer is Purist-correct,True,,True,True,True
gan2026_hybrid_parallel_state_candidate_reasoner_validation750_gpt41mini_v0_deterministic_safety_floor_v2_replay_2026-06-03.jsonl,10147,validation,hybrid_adjudicator_with_adapters,unknown,no seizure frequency reference,True,True,unknown_boundary;cluster_burden;diary_or_log_aggregation;uncertainty_or_ambiguity,none,primary layer is Purist-correct,True,,True,False,False
gan2026_hybrid_parallel_state_candidate_reasoner_validation750_gpt41mini_v0_deterministic_safety_floor_v2_replay_2026-06-03.jsonl,10183,validation,hybrid_adjudicator_with_adapters,unknown,no seizure frequency reference,True,True,unknown_boundary;cluster_burden;diary_or_log_aggregation;uncertainty_or_ambiguity,none,primary layer is Purist-correct,True,,True,False,False
gan2026_hybrid_parallel_state_candidate_reasoner_validation750_gpt41mini_v0_deterministic_safety_floor_v2_replay_2026-06-03.jsonl,10189,validation,hybrid_adjudicator_with_adapters,"unknown, 3 to 4 per cluster",no seizure frequency reference,True,True,cluster_burden;uncertainty_or_ambiguity,none,primary layer is Purist-correct,True,,True,False,False
gan2026_hybrid_parallel_state_candidate_reasoner_validation750_gpt41mini_v0_deterministic_safety_floor_v2_replay_2026-06-03.jsonl,10200,validation,hybrid_adjudicator_with_adapters,"unknown, 2 to 4 per cluster",no seizure frequency reference,True,True,cluster_burden;uncertainty_or_ambiguity,none,primary layer is Purist-correct,True,,True,False,False
gan2026_hybrid_parallel_state_candidate_reasoner_validation750_gpt41mini_v0_deterministic_safety_floor_v2_replay_2026-06-03.jsonl,10237,validation,hybrid_adjudicator_with_adapters,"4 cluster per month, multiple per cluster","4 cluster per month, multiple per cluster",True,True,cluster_burden;current_vs_historical;uncertainty_or_ambiguity;benchmark_format_convention,none,primary layer is Purist-correct,True,,True,True,True
gan2026_hybrid_parallel_state_candidate_reasoner_validation750_gpt41mini_v0_deterministic_safety_floor_v2_replay_2026-06-03.jsonl,10245,validation,hybrid_adjudicator_with_adapters,"3 cluster per month, multiple per cluster","3 cluster per month, multiple per cluster",True,True,cluster_burden;current_vs_historical;uncertainty_or_ambiguity;benchmark_format_convention,none,primary layer is Purist-correct,True,,True,True,True
gan2026_hybrid_parallel_state_candidate_reasoner_validation750_gpt41mini_v0_deterministic_safety_floor_v2_replay_2026-06-03.jsonl,10260,validation,hybrid_adjudicator_with_adapters,unknown,no seizure frequency reference,True,True,unknown_boundary;cluster_burden;diary_or_log_aggregation;competing_semiologies;uncertainty_or_ambiguity,none,primary layer is Purist-correct,True,,True,False,False
gan2026_hybrid_parallel_state_candidate_reasoner_validation750_gpt41mini_v0_deterministic_safety_floor_v2_replay_2026-06-03.jsonl,10264,validation,hybrid_adjudicator_with_adapters,unknown,no seizure frequency reference,True,True,unknown_boundary;cluster_burden;diary_or_log_aggregation;uncertainty_or_ambiguity,none,primary layer is Purist-correct,True,,True,False,False
gan2026_hybrid_parallel_state_candidate_reasoner_validation750_gpt41mini_v0_deterministic_safety_floor_v2_replay_2026-06-03.jsonl,10266,validation,hybrid_adjudicator_with_adapters,unknown,1 per 5 day,False,False,unknown_boundary;cluster_burden;diary_or_log_aggregation;uncertainty_or_ambiguity,candidate_generation,gold state absent from candidate set,True,,False,False,False
gan2026_hybrid_parallel_state_candidate_reasoner_validation750_gpt41mini_v0_deterministic_safety_floor_v2_replay_2026-06-03.jsonl,10268,validation,hybrid_adjudicator_with_adapters,unknown,no seizure frequency reference,True,True,unknown_boundary;cluster_burden;diary_or_log_aggregation;uncertainty_or_ambiguity,none,primary layer is Purist-correct,True,,True,False,False
gan2026_hybrid_parallel_state_candidate_reasoner_validation750_gpt41mini_v0_deterministic_safety_floor_v2_replay_2026-06-03.jsonl,10371,validation,hybrid_adjudicator_with_adapters,seizure free for multiple year,seizure free for 25 month,True,True,seizure_free_duration;cluster_burden;current_vs_historical,none,primary layer is Purist-correct,True,,True,True,True
gan2026_hybrid_parallel_state_candidate_reasoner_validation750_gpt41mini_v0_deterministic_safety_floor_v2_replay_2026-06-03.jsonl,10383,validation,hybrid_adjudicator_with_adapters,"1 cluster per week, 5 per cluster","1 cluster per week, 5 per cluster",True,True,cluster_burden;rate_bucket_or_denominator;current_vs_historical,none,primary layer is Purist-correct,True,,True,True,True
gan2026_hybrid_parallel_state_candidate_reasoner_validation750_gpt41mini_v0_deterministic_safety_floor_v2_replay_2026-06-03.jsonl,10386,validation,hybrid_adjudicator_with_adapters,"1 cluster per week, 2 to 3 per cluster",1 per day,False,True,cluster_burden;rate_bucket_or_denominator;current_vs_historical,projection,gold appears representable but projection is wrong,True,,False,True,True
gan2026_hybrid_parallel_state_candidate_reasoner_validation750_gpt41mini_v0_deterministic_safety_floor_v2_replay_2026-06-03.jsonl,10434,validation,hybrid_adjudicator_with_adapters,"multiple cluster per week, 2 to 3 per cluster","multiple cluster per week, 2 to 3 per cluster",True,True,cluster_burden;rate_bucket_or_denominator,none,primary layer is Purist-correct,True,,True,True,True
gan2026_hybrid_parallel_state_candidate_reasoner_validation750_gpt41mini_v0_deterministic_safety_floor_v2_replay_2026-06-03.jsonl,10481,validation,hybrid_adjudicator_with_adapters,"4 cluster per month, multiple per cluster","4 cluster per month, multiple per cluster",True,True,cluster_burden;rate_bucket_or_denominator;current_vs_historical;benchmark_format_convention,none,primary layer is Purist-correct,True,,True,True,True
gan2026_hybrid_parallel_state_candidate_reasoner_validation750_gpt41mini_v0_deterministic_safety_floor_v2_replay_2026-06-03.jsonl,10487,validation,hybrid_adjudicator_with_adapters,"4 cluster per month, multiple per cluster","4 cluster per month, multiple per cluster",True,True,cluster_burden;rate_bucket_or_denominator;current_vs_historical;benchmark_format_convention,none,primary layer is Purist-correct,True,,True,True,True
gan2026_hybrid_parallel_state_candidate_reasoner_validation750_gpt41mini_v0_deterministic_safety_floor_v2_replay_2026-06-03.jsonl,10509,validation,hybrid_adjudicator_with_adapters,unknown,no seizure frequency reference,True,True,unknown_boundary;cluster_burden;uncertainty_or_ambiguity,none,primary layer is Purist-correct,True,,True,False,False
gan2026_hybrid_parallel_state_candidate_reasoner_validation750_gpt41mini_v0_deterministic_safety_floor_v2_replay_2026-06-03.jsonl,10517,validation,hybrid_adjudicator_with_adapters,"3 to 4 cluster per week, multiple per cluster","3 to 4 cluster per week, multiple per cluster",True,True,cluster_burden;rate_bucket_or_denominator;benchmark_format_convention,none,primary layer is Purist-correct,True,,True,True,True
gan2026_hybrid_parallel_state_candidate_reasoner_validation750_gpt41mini_v0_deterministic_safety_floor_v2_replay_2026-06-03.jsonl,10542,validation,hybrid_adjudicator_with_adapters,"unknown, 2 to 4 per cluster",no seizure frequency reference,True,True,cluster_burden;diary_or_log_aggregation;competing_semiologies;uncertainty_or_ambiguity,none,primary layer is Purist-correct,True,,True,False,False
gan2026_hybrid_parallel_state_candidate_reasoner_validation750_gpt41mini_v0_deterministic_safety_floor_v2_replay_2026-06-03.jsonl,10578,validation,hybrid_adjudicator_with_adapters,"unknown, 3 to 4 per cluster","unknown, 3 to 4 per cluster",True,True,cluster_burden;competing_semiologies;uncertainty_or_ambiguity,none,primary layer is Purist-correct,True,,True,True,True
gan2026_hybrid_parallel_state_candidate_reasoner_validation750_gpt41mini_v0_deterministic_safety_floor_v2_replay_2026-06-03.jsonl,10583,validation,hybrid_adjudicator_with_adapters,"unknown, 2 to 3 per cluster","unknown, 2 to 3 per cluster",True,True,cluster_burden;competing_semiologies;uncertainty_or_ambiguity,none,primary layer is Purist-correct,True,,True,True,True
gan2026_hybrid_parallel_state_candidate_reasoner_validation750_gpt41mini_v0_deterministic_safety_floor_v2_replay_2026-06-03.jsonl,10594,validation,hybrid_adjudicator_with_adapters,"unknown, 2 per cluster","unknown, 2 per cluster",True,True,cluster_burden;competing_semiologies;uncertainty_or_ambiguity,none,primary layer is Purist-correct,True,,True,True,True
gan2026_hybrid_parallel_state_candidate_reasoner_validation750_gpt41mini_v0_deterministic_safety_floor_v2_replay_2026-06-03.jsonl,10618,validation,hybrid_adjudicator_with_adapters,"unknown, 4 to 6 per cluster",seizure free for multiple year,False,False,seizure_free_duration;cluster_burden;competing_semiologies;uncertainty_or_ambiguity,candidate_generation,gold state absent from candidate set,True,,False,False,False
gan2026_hybrid_parallel_state_candidate_reasoner_validation750_gpt41mini_v0_deterministic_safety_floor_v2_replay_2026-06-03.jsonl,10629,validation,hybrid_adjudicator_with_adapters,unknown,no seizure frequency reference,True,True,unknown_boundary;cluster_burden;uncertainty_or_ambiguity,none,primary layer is Purist-correct,True,,True,False,False
gan2026_hybrid_parallel_state_candidate_reasoner_validation750_gpt41mini_v0_deterministic_safety_floor_v2_replay_2026-06-03.jsonl,10630,validation,hybrid_adjudicator_with_adapters,"multiple cluster per 2 week, 5 per cluster","multiple cluster per 2 week, 5 per cluster",True,True,cluster_burden,none,primary layer is Purist-correct,True,,True,True,True
gan2026_hybrid_parallel_state_candidate_reasoner_validation750_gpt41mini_v0_deterministic_safety_floor_v2_replay_2026-06-03.jsonl,10673,validation,hybrid_adjudicator_with_adapters,"1 cluster per month, multiple per cluster","1 cluster per month, multiple per cluster",True,True,cluster_burden;rate_bucket_or_denominator;benchmark_format_convention,none,primary layer is Purist-correct,True,,True,True,True
gan2026_hybrid_parallel_state_candidate_reasoner_validation750_gpt41mini_v0_deterministic_safety_floor_v2_replay_2026-06-03.jsonl,10677,validation,hybrid_adjudicator_with_adapters,"1 cluster per month, multiple per cluster",1 per month,False,False,cluster_burden;rate_bucket_or_denominator;current_vs_historical;benchmark_format_convention,candidate_generation,gold state absent from candidate set,True,,False,False,False
gan2026_hybrid_parallel_state_candidate_reasoner_validation750_gpt41mini_v0_deterministic_safety_floor_v2_replay_2026-06-03.jsonl,10753,validation,hybrid_adjudicator_with_adapters,unknown,no seizure frequency reference,True,True,unknown_boundary;cluster_burden;diary_or_log_aggregation;current_vs_historical;uncertainty_or_ambiguity,none,primary layer is Purist-correct,True,,True,False,False
gan2026_hybrid_parallel_state_candidate_reasoner_validation750_gpt41mini_v0_deterministic_safety_floor_v2_replay_2026-06-03.jsonl,10807,validation,hybrid_adjudicator_with_adapters,"2 cluster per month, multiple per cluster","2 cluster per month, multiple per cluster",True,True,cluster_burden;diary_or_log_aggregation;benchmark_format_convention,none,primary layer is Purist-correct,True,,True,True,True
gan2026_hybrid_parallel_state_candidate_reasoner_validation750_gpt41mini_v0_deterministic_safety_floor_v2_replay_2026-06-03.jsonl,10829,validation,hybrid_adjudicator_with_adapters,"2 cluster per month, multiple per cluster","2 cluster per month, multiple per cluster",True,True,cluster_burden;diary_or_log_aggregation;benchmark_format_convention,none,primary layer is Purist-correct,True,,True,True,True
gan2026_hybrid_parallel_state_candidate_reasoner_validation750_gpt41mini_v0_deterministic_safety_floor_v2_replay_2026-06-03.jsonl,10862,validation,hybrid_adjudicator_with_adapters,"1 cluster per week, multiple per cluster","1 cluster per week, multiple per cluster",True,True,cluster_burden;rate_bucket_or_denominator;benchmark_format_convention,none,primary layer is Purist-correct,True,,True,True,True
gan2026_hybrid_parallel_state_candidate_reasoner_validation750_gpt41mini_v0_deterministic_safety_floor_v2_replay_2026-06-03.jsonl,10865,validation,hybrid_adjudicator_with_adapters,"1 cluster per week, multiple per cluster","1 cluster per week, multiple per cluster",True,True,cluster_burden;rate_bucket_or_denominator;benchmark_format_convention,none,primary layer is Purist-correct,True,,True,True,True
gan2026_hybrid_parallel_state_candidate_reasoner_validation750_gpt41mini_v0_deterministic_safety_floor_v2_replay_2026-06-03.jsonl,10873,validation,hybrid_adjudicator_with_adapters,"1 cluster per week, 6 per cluster","1 cluster per week, 6 per cluster",True,True,cluster_burden;rate_bucket_or_denominator,none,primary layer is Purist-correct,True,,True,True,True
gan2026_hybrid_parallel_state_candidate_reasoner_validation750_gpt41mini_v0_deterministic_safety_floor_v2_replay_2026-06-03.jsonl,10894,validation,hybrid_adjudicator_with_adapters,"1 cluster per week, 4 per cluster","1 cluster per week, 4 per cluster",True,True,cluster_burden;rate_bucket_or_denominator,none,primary layer is Purist-correct,True,,True,True,True
gan2026_hybrid_parallel_state_candidate_reasoner_validation750_gpt41mini_v0_deterministic_safety_floor_v2_replay_2026-06-03.jsonl,10896,validation,hybrid_adjudicator_with_adapters,"1 cluster per week, 3 to 4 per cluster","1 cluster per week, 3 to 4 per cluster",True,True,cluster_burden;diary_or_log_aggregation;rate_bucket_or_denominator,none,primary layer is Purist-correct,True,,True,True,True
gan2026_hybrid_parallel_state_candidate_reasoner_validation750_gpt41mini_v0_deterministic_safety_floor_v2_replay_2026-06-03.jsonl,10902,validation,hybrid_adjudicator_with_adapters,"1 cluster per week, 4 per cluster","1 cluster per week, 4 per cluster",True,True,cluster_burden;rate_bucket_or_denominator,none,primary layer is Purist-correct,True,,True,True,True
gan2026_hybrid_parallel_state_candidate_reasoner_validation750_gpt41mini_v0_deterministic_safety_floor_v2_replay_2026-06-03.jsonl,10933,validation,hybrid_adjudicator_with_adapters,"2 to 3 cluster per month, 5 per cluster","2 to 3 cluster per month, multiple per cluster",True,True,cluster_burden;competing_semiologies;benchmark_format_convention,none,primary layer is Purist-correct,True,,True,False,False
gan2026_hybrid_parallel_state_candidate_reasoner_validation750_gpt41mini_v0_deterministic_safety_floor_v2_replay_2026-06-03.jsonl,10942,validation,hybrid_adjudicator_with_adapters,"2 cluster per month, 5 per cluster",5 per month,True,True,cluster_burden;competing_semiologies,none,primary layer is Purist-correct,True,,True,False,False
gan2026_hybrid_parallel_state_candidate_reasoner_validation750_gpt41mini_v0_deterministic_safety_floor_v2_replay_2026-06-03.jsonl,10965,validation,hybrid_adjudicator_with_adapters,"2 cluster per month, 4 to 5 per cluster","2 cluster per month, 4 to 5 per cluster",True,True,cluster_burden,none,primary layer is Purist-correct,True,,True,True,True
gan2026_hybrid_parallel_state_candidate_reasoner_validation750_gpt41mini_v0_deterministic_safety_floor_v2_replay_2026-06-03.jsonl,10967,validation,hybrid_adjudicator_with_adapters,"3 cluster per month, 4 to 5 per cluster","3 cluster per month, 4 to 5 per cluster",True,True,cluster_burden,none,primary layer is Purist-correct,True,,True,True,True
gan2026_hybrid_parallel_state_candidate_reasoner_validation750_gpt41mini_v0_deterministic_safety_floor_v2_replay_2026-06-03.jsonl,10984,validation,hybrid_adjudicator_with_adapters,"3 cluster per month, 3 to 4 per cluster","3 cluster per month, multiple per cluster",True,True,cluster_burden;benchmark_format_convention,none,primary layer is Purist-correct,True,,True,False,False
gan2026_hybrid_parallel_state_candidate_reasoner_validation750_gpt41mini_v0_deterministic_safety_floor_v2_replay_2026-06-03.jsonl,10996,validation,hybrid_adjudicator_with_adapters,"1 to 2 cluster per month, 4 per cluster","1 to 2 cluster per month, multiple per cluster",False,True,cluster_burden;benchmark_format_convention,candidate_generation,gold state absent from candidate set,True,,False,False,False
gan2026_hybrid_parallel_state_candidate_reasoner_validation750_gpt41mini_v0_deterministic_safety_floor_v2_replay_2026-06-03.jsonl,11002,validation,hybrid_adjudicator_with_adapters,"2 to 4 cluster per month, 5 per cluster","2 to 4 cluster per month, multiple per cluster",True,True,cluster_burden;benchmark_format_convention,none,primary layer is Purist-correct,True,,True,False,False
gan2026_hybrid_parallel_state_candidate_reasoner_validation750_gpt41mini_v0_deterministic_safety_floor_v2_replay_2026-06-03.jsonl,11035,validation,hybrid_adjudicator_with_adapters,"1 cluster per 3 month, 1 per cluster",1 per 3 month,True,True,cluster_burden,none,primary layer is Purist-correct,True,,True,True,True
gan2026_hybrid_parallel_state_candidate_reasoner_validation750_gpt41mini_v0_deterministic_safety_floor_v2_replay_2026-06-03.jsonl,11109,validation,hybrid_adjudicator_with_adapters,"2 cluster per month, 5 per cluster","2 cluster per month, 5 per cluster",True,True,cluster_burden,none,primary layer is Purist-correct,True,,True,True,True
gan2026_hybrid_parallel_state_candidate_reasoner_validation750_gpt41mini_v0_deterministic_safety_floor_v2_replay_2026-06-03.jsonl,11118,validation,hybrid_adjudicator_with_adapters,"2 cluster per month, 6 per cluster","2 cluster per month, 6 per cluster",True,True,cluster_burden,none,primary layer is Purist-correct,True,,True,True,True
gan2026_hybrid_parallel_state_candidate_reasoner_validation750_gpt41mini_v0_deterministic_safety_floor_v2_replay_2026-06-03.jsonl,11131,validation,hybrid_adjudicator_with_adapters,"2 cluster per month, 3 to 4 per cluster","2 cluster per month, 3 to 4 per cluster",True,True,cluster_burden,none,primary layer is Purist-correct,True,,True,True,True
gan2026_hybrid_parallel_state_candidate_reasoner_validation750_gpt41mini_v0_deterministic_safety_floor_v2_replay_2026-06-03.jsonl,11197,validation,hybrid_adjudicator_with_adapters,"1 cluster per month, 4 to 6 per cluster","1 cluster per month, 4 to 6 per cluster",True,True,cluster_burden,none,primary layer is Purist-correct,True,,True,True,True
gan2026_hybrid_parallel_state_candidate_reasoner_validation750_gpt41mini_v0_deterministic_safety_floor_v2_replay_2026-06-03.jsonl,11216,validation,hybrid_adjudicator_with_adapters,unknown,seizure free for 4 month,False,False,unknown_boundary;seizure_free_duration;current_vs_historical;competing_semiologies;uncertainty_or_ambiguity,projection,gold appears representable but projection is wrong,True,,False,True,True
gan2026_hybrid_parallel_state_candidate_reasoner_validation750_gpt41mini_v0_deterministic_safety_floor_v2_replay_2026-06-03.jsonl,11254,validation,hybrid_adjudicator_with_adapters,unknown,seizure free for multiple year,False,False,unknown_boundary;seizure_free_duration;current_vs_historical;competing_semiologies;uncertainty_or_ambiguity,projection,gold appears representable but projection is wrong,True,,False,True,True
gan2026_hybrid_parallel_state_candidate_reasoner_validation750_gpt41mini_v0_deterministic_safety_floor_v2_replay_2026-06-03.jsonl,11259,validation,hybrid_adjudicator_with_adapters,unknown,seizure free for multiple year,False,False,unknown_boundary;seizure_free_duration;current_vs_historical;uncertainty_or_ambiguity,projection,gold appears representable but projection is wrong,True,,False,True,True
gan2026_hybrid_parallel_state_candidate_reasoner_validation750_gpt41mini_v0_deterministic_safety_floor_v2_replay_2026-06-03.jsonl,11262,validation,hybrid_adjudicator_with_adapters,unknown,unknown,True,True,unknown_boundary;seizure_free_duration;current_vs_historical;uncertainty_or_ambiguity,none,primary layer is Purist-correct,True,,True,True,True
gan2026_hybrid_parallel_state_candidate_reasoner_validation750_gpt41mini_v0_deterministic_safety_floor_v2_replay_2026-06-03.jsonl,11272,validation,hybrid_adjudicator_with_adapters,unknown,seizure free for multiple year,False,False,unknown_boundary;seizure_free_duration;current_vs_historical;competing_semiologies;uncertainty_or_ambiguity,projection,gold appears representable but projection is wrong,True,,False,True,True
gan2026_hybrid_parallel_state_candidate_reasoner_validation750_gpt41mini_v0_deterministic_safety_floor_v2_replay_2026-06-03.jsonl,11282,validation,hybrid_adjudicator_with_adapters,unknown,unknown,True,True,unknown_boundary;seizure_free_duration;current_vs_historical;uncertainty_or_ambiguity,none,primary layer is Purist-correct,True,,True,True,True
gan2026_hybrid_parallel_state_candidate_reasoner_validation750_gpt41mini_v0_deterministic_safety_floor_v2_replay_2026-06-03.jsonl,11337,validation,hybrid_adjudicator_with_adapters,unknown,no seizure frequency reference,True,True,unknown_boundary;uncertainty_or_ambiguity,none,primary layer is Purist-correct,True,,True,False,False
gan2026_hybrid_parallel_state_candidate_reasoner_validation750_gpt41mini_v0_deterministic_safety_floor_v2_replay_2026-06-03.jsonl,11350,validation,hybrid_adjudicator_with_adapters,unknown,multiple per week,True,True,unknown_boundary;rate_bucket_or_denominator;competing_semiologies;uncertainty_or_ambiguity;benchmark_format_convention,none,primary layer is Purist-correct,True,,True,False,False
gan2026_hybrid_parallel_state_candidate_reasoner_validation750_gpt41mini_v0_deterministic_safety_floor_v2_replay_2026-06-03.jsonl,11380,validation,hybrid_adjudicator_with_adapters,unknown,no seizure frequency reference,True,True,unknown_boundary;uncertainty_or_ambiguity,none,primary layer is Purist-correct,True,,True,False,False
gan2026_hybrid_parallel_state_candidate_reasoner_validation750_gpt41mini_v0_deterministic_safety_floor_v2_replay_2026-06-03.jsonl,11389,validation,hybrid_adjudicator_with_adapters,unknown,no seizure frequency reference,True,True,unknown_boundary;current_vs_historical;competing_semiologies;uncertainty_or_ambiguity,none,primary layer is Purist-correct,True,,True,False,False
gan2026_hybrid_parallel_state_candidate_reasoner_validation750_gpt41mini_v0_deterministic_safety_floor_v2_replay_2026-06-03.jsonl,11400,validation,hybrid_adjudicator_with_adapters,no seizure frequency reference,no seizure frequency reference,True,True,unclassified,none,primary layer is Purist-correct,True,,True,True,True
gan2026_hybrid_parallel_state_candidate_reasoner_validation750_gpt41mini_v0_deterministic_safety_floor_v2_replay_2026-06-03.jsonl,11405,validation,hybrid_adjudicator_with_adapters,no seizure frequency reference,no seizure frequency reference,True,True,diary_or_log_aggregation,none,primary layer is Purist-correct,True,,True,True,True
gan2026_hybrid_parallel_state_candidate_reasoner_validation750_gpt41mini_v0_deterministic_safety_floor_v2_replay_2026-06-03.jsonl,11408,validation,hybrid_adjudicator_with_adapters,no seizure frequency reference,no seizure frequency reference,True,True,diary_or_log_aggregation,none,primary layer is Purist-correct,True,,True,True,True
gan2026_hybrid_parallel_state_candidate_reasoner_validation750_gpt41mini_v0_deterministic_safety_floor_v2_replay_2026-06-03.jsonl,11409,validation,hybrid_adjudicator_with_adapters,no seizure frequency reference,no seizure frequency reference,True,True,unclassified,none,primary layer is Purist-correct,True,,True,True,True
gan2026_hybrid_parallel_state_candidate_reasoner_validation750_gpt41mini_v0_deterministic_safety_floor_v2_replay_2026-06-03.jsonl,11411,validation,hybrid_adjudicator_with_adapters,no seizure frequency reference,no seizure frequency reference,True,True,unclassified,none,primary layer is Purist-correct,True,,True,True,True
gan2026_hybrid_parallel_state_candidate_reasoner_validation750_gpt41mini_v0_deterministic_safety_floor_v2_replay_2026-06-03.jsonl,11434,validation,hybrid_adjudicator_with_adapters,no seizure frequency reference,no seizure frequency reference,True,True,diary_or_log_aggregation,none,primary layer is Purist-correct,True,,True,True,True
gan2026_hybrid_parallel_state_candidate_reasoner_validation750_gpt41mini_v0_deterministic_safety_floor_v2_replay_2026-06-03.jsonl,11463,validation,hybrid_adjudicator_with_adapters,no seizure frequency reference,no seizure frequency reference,True,True,unclassified,none,primary layer is Purist-correct,True,,True,True,True
gan2026_hybrid_parallel_state_candidate_reasoner_validation750_gpt41mini_v0_deterministic_safety_floor_v2_replay_2026-06-03.jsonl,11562,validation,hybrid_adjudicator_with_adapters,no seizure frequency reference,no seizure frequency reference,True,True,diary_or_log_aggregation,none,primary layer is Purist-correct,True,,True,True,True
gan2026_hybrid_parallel_state_candidate_reasoner_validation750_gpt41mini_v0_deterministic_safety_floor_v2_replay_2026-06-03.jsonl,11585,validation,hybrid_adjudicator_with_adapters,no seizure frequency reference,no seizure frequency reference,True,True,diary_or_log_aggregation,none,primary layer is Purist-correct,True,,True,True,True
gan2026_hybrid_parallel_state_candidate_reasoner_validation750_gpt41mini_v0_deterministic_safety_floor_v2_replay_2026-06-03.jsonl,11606,validation,hybrid_adjudicator_with_adapters,no seizure frequency reference,no seizure frequency reference,True,True,unclassified,none,primary layer is Purist-correct,True,,True,True,True
gan2026_hybrid_parallel_state_candidate_reasoner_validation750_gpt41mini_v0_deterministic_safety_floor_v2_replay_2026-06-03.jsonl,11614,validation,hybrid_adjudicator_with_adapters,no seizure frequency reference,no seizure frequency reference,True,True,diary_or_log_aggregation,none,primary layer is Purist-correct,True,,True,True,True
gan2026_hybrid_parallel_state_candidate_reasoner_validation750_gpt41mini_v0_deterministic_safety_floor_v2_replay_2026-06-03.jsonl,11632,validation,hybrid_adjudicator_with_adapters,no seizure frequency reference,no seizure frequency reference,True,True,diary_or_log_aggregation,none,primary layer is Purist-correct,True,,True,True,True
gan2026_hybrid_parallel_state_candidate_reasoner_validation750_gpt41mini_v0_deterministic_safety_floor_v2_replay_2026-06-03.jsonl,11640,validation,hybrid_adjudicator_with_adapters,no seizure frequency reference,no seizure frequency reference,True,True,unclassified,none,primary layer is Purist-correct,True,,True,True,True
gan2026_hybrid_parallel_state_candidate_reasoner_validation750_gpt41mini_v0_deterministic_safety_floor_v2_replay_2026-06-03.jsonl,11658,validation,hybrid_adjudicator_with_adapters,no seizure frequency reference,no seizure frequency reference,True,True,diary_or_log_aggregation,none,primary layer is Purist-correct,True,,True,True,True
gan2026_hybrid_parallel_state_candidate_reasoner_validation750_gpt41mini_v0_deterministic_safety_floor_v2_replay_2026-06-03.jsonl,11681,validation,hybrid_adjudicator_with_adapters,no seizure frequency reference,no seizure frequency reference,True,True,unclassified,none,primary layer is Purist-correct,True,,True,True,True
gan2026_hybrid_parallel_state_candidate_reasoner_validation750_gpt41mini_v0_deterministic_safety_floor_v2_replay_2026-06-03.jsonl,11706,validation,hybrid_adjudicator_with_adapters,no seizure frequency reference,no seizure frequency reference,True,True,unclassified,none,primary layer is Purist-correct,True,,True,True,True
gan2026_hybrid_parallel_state_candidate_reasoner_validation750_gpt41mini_v0_deterministic_safety_floor_v2_replay_2026-06-03.jsonl,11711,validation,hybrid_adjudicator_with_adapters,no seizure frequency reference,no seizure frequency reference,True,True,diary_or_log_aggregation,none,primary layer is Purist-correct,True,,True,True,True
gan2026_hybrid_parallel_state_candidate_reasoner_validation750_gpt41mini_v0_deterministic_safety_floor_v2_replay_2026-06-03.jsonl,11728,validation,hybrid_adjudicator_with_adapters,no seizure frequency reference,no seizure frequency reference,True,True,unclassified,none,primary layer is Purist-correct,True,,True,True,True
gan2026_hybrid_parallel_state_candidate_reasoner_validation750_gpt41mini_v0_deterministic_safety_floor_v2_replay_2026-06-03.jsonl,11734,validation,hybrid_adjudicator_with_adapters,no seizure frequency reference,no seizure frequency reference,True,True,diary_or_log_aggregation,none,primary layer is Purist-correct,True,,True,True,True
gan2026_hybrid_parallel_state_candidate_reasoner_validation750_gpt41mini_v0_deterministic_safety_floor_v2_replay_2026-06-03.jsonl,11737,validation,hybrid_adjudicator_with_adapters,no seizure frequency reference,no seizure frequency reference,True,True,diary_or_log_aggregation,none,primary layer is Purist-correct,True,,True,True,True
gan2026_hybrid_parallel_state_candidate_reasoner_validation750_gpt41mini_v0_deterministic_safety_floor_v2_replay_2026-06-03.jsonl,11752,validation,hybrid_adjudicator_with_adapters,no seizure frequency reference,no seizure frequency reference,True,True,diary_or_log_aggregation,none,primary layer is Purist-correct,True,,True,True,True
gan2026_hybrid_parallel_state_candidate_reasoner_validation750_gpt41mini_v0_deterministic_safety_floor_v2_replay_2026-06-03.jsonl,11756,validation,hybrid_adjudicator_with_adapters,no seizure frequency reference,no seizure frequency reference,True,True,unclassified,none,primary layer is Purist-correct,True,,True,True,True
gan2026_hybrid_parallel_state_candidate_reasoner_validation750_gpt41mini_v0_deterministic_safety_floor_v2_replay_2026-06-03.jsonl,11763,validation,hybrid_adjudicator_with_adapters,no seizure frequency reference,no seizure frequency reference,True,True,unclassified,none,primary layer is Purist-correct,True,,True,True,True
gan2026_hybrid_parallel_state_candidate_reasoner_validation750_gpt41mini_v0_deterministic_safety_floor_v2_replay_2026-06-03.jsonl,11804,validation,hybrid_adjudicator_with_adapters,no seizure frequency reference,no seizure frequency reference,True,True,diary_or_log_aggregation,none,primary layer is Purist-correct,True,,True,True,True
gan2026_hybrid_parallel_state_candidate_reasoner_validation750_gpt41mini_v0_deterministic_safety_floor_v2_replay_2026-06-03.jsonl,11824,validation,hybrid_adjudicator_with_adapters,no seizure frequency reference,no seizure frequency reference,True,True,diary_or_log_aggregation,none,primary layer is Purist-correct,True,,True,True,True
gan2026_hybrid_parallel_state_candidate_reasoner_validation750_gpt41mini_v0_deterministic_safety_floor_v2_replay_2026-06-03.jsonl,11841,validation,hybrid_adjudicator_with_adapters,no seizure frequency reference,no seizure frequency reference,True,True,unclassified,none,primary layer is Purist-correct,True,,True,True,True
gan2026_hybrid_parallel_state_candidate_reasoner_validation750_gpt41mini_v0_deterministic_safety_floor_v2_replay_2026-06-03.jsonl,11852,validation,hybrid_adjudicator_with_adapters,no seizure frequency reference,no seizure frequency reference,True,True,unclassified,none,primary layer is Purist-correct,True,,True,True,True
gan2026_hybrid_parallel_state_candidate_reasoner_validation750_gpt41mini_v0_deterministic_safety_floor_v2_replay_2026-06-03.jsonl,12036,validation,hybrid_adjudicator_with_adapters,multiple per day,multiple per day,True,True,rate_bucket_or_denominator;competing_semiologies;benchmark_format_convention,none,primary layer is Purist-correct,True,,True,True,True
gan2026_hybrid_parallel_state_candidate_reasoner_validation750_gpt41mini_v0_deterministic_safety_floor_v2_replay_2026-06-03.jsonl,12041,validation,hybrid_adjudicator_with_adapters,multiple per day,multiple per day,True,True,rate_bucket_or_denominator;competing_semiologies;benchmark_format_convention,none,primary layer is Purist-correct,True,,True,True,True
gan2026_hybrid_parallel_state_candidate_reasoner_validation750_gpt41mini_v0_deterministic_safety_floor_v2_replay_2026-06-03.jsonl,12046,validation,hybrid_adjudicator_with_adapters,multiple per day,multiple per day,True,True,rate_bucket_or_denominator;competing_semiologies;benchmark_format_convention,none,primary layer is Purist-correct,True,,True,True,True
gan2026_hybrid_parallel_state_candidate_reasoner_validation750_gpt41mini_v0_deterministic_safety_floor_v2_replay_2026-06-03.jsonl,12051,validation,hybrid_adjudicator_with_adapters,multiple per day,multiple per day,True,True,rate_bucket_or_denominator;competing_semiologies;benchmark_format_convention,none,primary layer is Purist-correct,True,,True,True,True
gan2026_hybrid_parallel_state_candidate_reasoner_validation750_gpt41mini_v0_deterministic_safety_floor_v2_replay_2026-06-03.jsonl,12111,validation,hybrid_adjudicator_with_adapters,multiple per week,multiple per week,True,True,rate_bucket_or_denominator;competing_semiologies;benchmark_format_convention,none,primary layer is Purist-correct,True,,True,True,True
gan2026_hybrid_parallel_state_candidate_reasoner_validation750_gpt41mini_v0_deterministic_safety_floor_v2_replay_2026-06-03.jsonl,12127,validation,hybrid_adjudicator_with_adapters,multiple per week,multiple per week,True,True,rate_bucket_or_denominator;competing_semiologies;benchmark_format_convention,none,primary layer is Purist-correct,True,,True,True,True
gan2026_hybrid_parallel_state_candidate_reasoner_validation750_gpt41mini_v0_deterministic_safety_floor_v2_replay_2026-06-03.jsonl,12130,validation,hybrid_adjudicator_with_adapters,multiple per week,multiple per week,True,True,rate_bucket_or_denominator;competing_semiologies;benchmark_format_convention,none,primary layer is Purist-correct,True,,True,True,True
gan2026_hybrid_parallel_state_candidate_reasoner_validation750_gpt41mini_v0_deterministic_safety_floor_v2_replay_2026-06-03.jsonl,12139,validation,hybrid_adjudicator_with_adapters,multiple per week,multiple per week,True,True,rate_bucket_or_denominator;competing_semiologies;benchmark_format_convention,none,primary layer is Purist-correct,True,,True,True,True
gan2026_hybrid_parallel_state_candidate_reasoner_validation750_gpt41mini_v0_deterministic_safety_floor_v2_replay_2026-06-03.jsonl,12145,validation,hybrid_adjudicator_with_adapters,multiple per week,multiple per week,True,True,rate_bucket_or_denominator;competing_semiologies;benchmark_format_convention,none,primary layer is Purist-correct,True,,True,True,True
gan2026_hybrid_parallel_state_candidate_reasoner_validation750_gpt41mini_v0_deterministic_safety_floor_v2_replay_2026-06-03.jsonl,12192,validation,hybrid_adjudicator_with_adapters,1 per day,1 per day,True,True,cluster_burden;rate_bucket_or_denominator;competing_semiologies,none,primary layer is Purist-correct,True,,True,True,True
gan2026_hybrid_parallel_state_candidate_reasoner_validation750_gpt41mini_v0_deterministic_safety_floor_v2_replay_2026-06-03.jsonl,12218,validation,hybrid_adjudicator_with_adapters,1 per day,1 per day,True,True,cluster_burden;rate_bucket_or_denominator;competing_semiologies,none,primary layer is Purist-correct,True,,True,True,True
gan2026_hybrid_parallel_state_candidate_reasoner_validation750_gpt41mini_v0_deterministic_safety_floor_v2_replay_2026-06-03.jsonl,12236,validation,hybrid_adjudicator_with_adapters,1 per day,1 per day,True,True,cluster_burden;rate_bucket_or_denominator;competing_semiologies,none,primary layer is Purist-correct,True,,True,True,True
gan2026_hybrid_parallel_state_candidate_reasoner_validation750_gpt41mini_v0_deterministic_safety_floor_v2_replay_2026-06-03.jsonl,12246,validation,hybrid_adjudicator_with_adapters,1 to 2 per day,1 to 2 per day,True,True,cluster_burden;rate_bucket_or_denominator;competing_semiologies,none,primary layer is Purist-correct,True,,True,True,True
gan2026_hybrid_parallel_state_candidate_reasoner_validation750_gpt41mini_v0_deterministic_safety_floor_v2_replay_2026-06-03.jsonl,12314,validation,hybrid_adjudicator_with_adapters,3 per week,3 per week,True,True,rate_bucket_or_denominator;competing_semiologies,none,primary layer is Purist-correct,True,,True,True,True
gan2026_hybrid_parallel_state_candidate_reasoner_validation750_gpt41mini_v0_deterministic_safety_floor_v2_replay_2026-06-03.jsonl,12366,validation,hybrid_adjudicator_with_adapters,4 per day,4 per day,True,True,rate_bucket_or_denominator;competing_semiologies,none,primary layer is Purist-correct,True,,True,True,True
gan2026_hybrid_parallel_state_candidate_reasoner_validation750_gpt41mini_v0_deterministic_safety_floor_v2_replay_2026-06-03.jsonl,12378,validation,hybrid_adjudicator_with_adapters,4 per day,4 per day,True,True,rate_bucket_or_denominator;competing_semiologies,none,primary layer is Purist-correct,True,,True,True,True
gan2026_hybrid_parallel_state_candidate_reasoner_validation750_gpt41mini_v0_deterministic_safety_floor_v2_replay_2026-06-03.jsonl,12383,validation,hybrid_adjudicator_with_adapters,4 per day,4 per day,True,True,rate_bucket_or_denominator;competing_semiologies,none,primary layer is Purist-correct,True,,True,True,True
gan2026_hybrid_parallel_state_candidate_reasoner_validation750_gpt41mini_v0_deterministic_safety_floor_v2_replay_2026-06-03.jsonl,12403,validation,hybrid_adjudicator_with_adapters,2 to 3 per day,2 to 3 per day,True,True,rate_bucket_or_denominator;competing_semiologies,none,primary layer is Purist-correct,True,,True,True,True
gan2026_hybrid_parallel_state_candidate_reasoner_validation750_gpt41mini_v0_deterministic_safety_floor_v2_replay_2026-06-03.jsonl,12412,validation,hybrid_adjudicator_with_adapters,2 per day,2 per day,True,True,rate_bucket_or_denominator;competing_semiologies,none,primary layer is Purist-correct,True,,True,True,True
gan2026_hybrid_parallel_state_candidate_reasoner_validation750_gpt41mini_v0_deterministic_safety_floor_v2_replay_2026-06-03.jsonl,12422,validation,hybrid_adjudicator_with_adapters,1 per day,4 per year,False,False,rate_bucket_or_denominator;competing_semiologies,candidate_generation,gold state absent from candidate set,True,,False,False,False
gan2026_hybrid_parallel_state_candidate_reasoner_validation750_gpt41mini_v0_deterministic_safety_floor_v2_replay_2026-06-03.jsonl,12438,validation,hybrid_adjudicator_with_adapters,1 per day,2 to 3 per year,False,False,rate_bucket_or_denominator;competing_semiologies,candidate_generation,gold state absent from candidate set,True,,False,False,False
gan2026_hybrid_parallel_state_candidate_reasoner_validation750_gpt41mini_v0_deterministic_safety_floor_v2_replay_2026-06-03.jsonl,12456,validation,hybrid_adjudicator_with_adapters,1 per day,3 per year,False,False,rate_bucket_or_denominator;competing_semiologies,candidate_generation,gold state absent from candidate set,True,,False,False,False
gan2026_hybrid_parallel_state_candidate_reasoner_validation750_gpt41mini_v0_deterministic_safety_floor_v2_replay_2026-06-03.jsonl,12460,validation,hybrid_adjudicator_with_adapters,1 per day,2 per year,False,False,rate_bucket_or_denominator;competing_semiologies,candidate_generation,gold state absent from candidate set,True,,False,False,False
gan2026_hybrid_parallel_state_candidate_reasoner_validation750_gpt41mini_v0_deterministic_safety_floor_v2_replay_2026-06-03.jsonl,12468,validation,hybrid_adjudicator_with_adapters,1 per day,4 per year,False,False,rate_bucket_or_denominator;competing_semiologies,candidate_generation,gold state absent from candidate set,True,,False,False,False
gan2026_hybrid_parallel_state_candidate_reasoner_validation750_gpt41mini_v0_deterministic_safety_floor_v2_replay_2026-06-03.jsonl,12484,validation,hybrid_adjudicator_with_adapters,3 to 4 per day,3 to 4 per day,True,True,seizure_free_duration;cluster_burden;rate_bucket_or_denominator;current_vs_historical;competing_semiologies,none,primary layer is Purist-correct,True,,True,True,True
gan2026_hybrid_parallel_state_candidate_reasoner_validation750_gpt41mini_v0_deterministic_safety_floor_v2_replay_2026-06-03.jsonl,12502,validation,hybrid_adjudicator_with_adapters,4 per day,4 per day,True,True,seizure_free_duration;cluster_burden;rate_bucket_or_denominator;current_vs_historical;competing_semiologies,none,primary layer is Purist-correct,True,,True,True,True
gan2026_hybrid_parallel_state_candidate_reasoner_validation750_gpt41mini_v0_deterministic_safety_floor_v2_replay_2026-06-03.jsonl,12506,validation,hybrid_adjudicator_with_adapters,4 per day,4 per day,True,True,seizure_free_duration;cluster_burden;rate_bucket_or_denominator;current_vs_historical;competing_semiologies,none,primary layer is Purist-correct,True,,True,True,True
gan2026_hybrid_parallel_state_candidate_reasoner_validation750_gpt41mini_v0_deterministic_safety_floor_v2_replay_2026-06-03.jsonl,12537,validation,hybrid_adjudicator_with_adapters,1 per day,1 per day,True,True,seizure_free_duration;rate_bucket_or_denominator;current_vs_historical;competing_semiologies,none,primary layer is Purist-correct,True,,True,True,True
gan2026_hybrid_parallel_state_candidate_reasoner_validation750_gpt41mini_v0_deterministic_safety_floor_v2_replay_2026-06-03.jsonl,12548,validation,hybrid_adjudicator_with_adapters,1 per day,1 per day,True,True,seizure_free_duration;rate_bucket_or_denominator;current_vs_historical;competing_semiologies,none,primary layer is Purist-correct,True,,True,True,True
gan2026_hybrid_parallel_state_candidate_reasoner_validation750_gpt41mini_v0_deterministic_safety_floor_v2_replay_2026-06-03.jsonl,12551,validation,hybrid_adjudicator_with_adapters,1 per day,1 per day,True,True,seizure_free_duration;rate_bucket_or_denominator;current_vs_historical;competing_semiologies,none,primary layer is Purist-correct,True,,True,True,True
gan2026_hybrid_parallel_state_candidate_reasoner_validation750_gpt41mini_v0_deterministic_safety_floor_v2_replay_2026-06-03.jsonl,12556,validation,hybrid_adjudicator_with_adapters,1 per day,1 per day,True,True,seizure_free_duration;rate_bucket_or_denominator;current_vs_historical;competing_semiologies,none,primary layer is Purist-correct,True,,True,True,True
gan2026_hybrid_parallel_state_candidate_reasoner_validation750_gpt41mini_v0_deterministic_safety_floor_v2_replay_2026-06-03.jsonl,12562,validation,hybrid_adjudicator_with_adapters,1 per day,1 per day,True,True,seizure_free_duration;rate_bucket_or_denominator;current_vs_historical;competing_semiologies,none,primary layer is Purist-correct,True,,True,True,True
gan2026_hybrid_parallel_state_candidate_reasoner_validation750_gpt41mini_v0_deterministic_safety_floor_v2_replay_2026-06-03.jsonl,12573,validation,hybrid_adjudicator_with_adapters,1 per day,1 per day,True,True,seizure_free_duration;rate_bucket_or_denominator;current_vs_historical;competing_semiologies,none,primary layer is Purist-correct,True,,True,True,True
gan2026_hybrid_parallel_state_candidate_reasoner_validation750_gpt41mini_v0_deterministic_safety_floor_v2_replay_2026-06-03.jsonl,12584,validation,hybrid_adjudicator_with_adapters,1 per week,1 per week,True,True,seizure_free_duration;rate_bucket_or_denominator;current_vs_historical;competing_semiologies,none,primary layer is Purist-correct,True,,True,True,True
gan2026_hybrid_parallel_state_candidate_reasoner_validation750_gpt41mini_v0_deterministic_safety_floor_v2_replay_2026-06-03.jsonl,12641,validation,hybrid_adjudicator_with_adapters,1 per day,1 per day,True,True,seizure_free_duration;rate_bucket_or_denominator;current_vs_historical;competing_semiologies,none,primary layer is Purist-correct,True,,True,True,True
gan2026_hybrid_parallel_state_candidate_reasoner_validation750_gpt41mini_v0_deterministic_safety_floor_v2_replay_2026-06-03.jsonl,12665,validation,hybrid_adjudicator_with_adapters,1 per day,5 per day,True,True,seizure_free_duration;rate_bucket_or_denominator;current_vs_historical;competing_semiologies,none,primary layer is Purist-correct,True,,True,True,True
gan2026_hybrid_parallel_state_candidate_reasoner_validation750_gpt41mini_v0_deterministic_safety_floor_v2_replay_2026-06-03.jsonl,12667,validation,hybrid_adjudicator_with_adapters,1 per day,1 per day,True,True,seizure_free_duration;rate_bucket_or_denominator;current_vs_historical;competing_semiologies,none,primary layer is Purist-correct,True,,True,True,True
gan2026_hybrid_parallel_state_candidate_reasoner_validation750_gpt41mini_v0_deterministic_safety_floor_v2_replay_2026-06-03.jsonl,12676,validation,hybrid_adjudicator_with_adapters,1 per day,1 per day,True,True,seizure_free_duration;rate_bucket_or_denominator;current_vs_historical;competing_semiologies,none,primary layer is Purist-correct,True,,True,True,True
gan2026_hybrid_parallel_state_candidate_reasoner_validation750_gpt41mini_v0_deterministic_safety_floor_v2_replay_2026-06-03.jsonl,12679,validation,hybrid_adjudicator_with_adapters,1 per day,1 per day,True,True,seizure_free_duration;rate_bucket_or_denominator;current_vs_historical;competing_semiologies,none,primary layer is Purist-correct,True,,True,True,True
gan2026_hybrid_parallel_state_candidate_reasoner_validation750_gpt41mini_v0_deterministic_safety_floor_v2_replay_2026-06-03.jsonl,12749,validation,hybrid_adjudicator_with_adapters,3 to 4 per day,3 to 4 per day,True,True,seizure_free_duration;cluster_burden;rate_bucket_or_denominator;current_vs_historical;competing_semiologies,none,primary layer is Purist-correct,True,,True,True,True
gan2026_hybrid_parallel_state_candidate_reasoner_validation750_gpt41mini_v0_deterministic_safety_floor_v2_replay_2026-06-03.jsonl,12751,validation,hybrid_adjudicator_with_adapters,4 per day,4 per day,True,True,seizure_free_duration;cluster_burden;rate_bucket_or_denominator;current_vs_historical;competing_semiologies,none,primary layer is Purist-correct,True,,True,True,True
gan2026_hybrid_parallel_state_candidate_reasoner_validation750_gpt41mini_v0_deterministic_safety_floor_v2_replay_2026-06-03.jsonl,12788,validation,hybrid_adjudicator_with_adapters,6 per 4 month,6 per 4 month,True,True,competing_semiologies,none,primary layer is Purist-correct,True,,True,True,True
gan2026_hybrid_parallel_state_candidate_reasoner_validation750_gpt41mini_v0_deterministic_safety_floor_v2_replay_2026-06-03.jsonl,12810,validation,hybrid_adjudicator_with_adapters,5 per 2 month,5 per 2 month,True,True,competing_semiologies,none,primary layer is Purist-correct,True,,True,True,True
gan2026_hybrid_parallel_state_candidate_reasoner_validation750_gpt41mini_v0_deterministic_safety_floor_v2_replay_2026-06-03.jsonl,12823,validation,hybrid_adjudicator_with_adapters,9 per month,9 per month,True,True,competing_semiologies,none,primary layer is Purist-correct,True,,True,True,True
gan2026_hybrid_parallel_state_candidate_reasoner_validation750_gpt41mini_v0_deterministic_safety_floor_v2_replay_2026-06-03.jsonl,12827,validation,hybrid_adjudicator_with_adapters,5 per 5 month,5 per 5 month,True,True,current_vs_historical,none,primary layer is Purist-correct,True,,True,True,True
gan2026_hybrid_parallel_state_candidate_reasoner_validation750_gpt41mini_v0_deterministic_safety_floor_v2_replay_2026-06-03.jsonl,12835,validation,hybrid_adjudicator_with_adapters,4 per month,4 per month,True,True,current_vs_historical;competing_semiologies,none,primary layer is Purist-correct,True,,True,True,True
gan2026_hybrid_parallel_state_candidate_reasoner_validation750_gpt41mini_v0_deterministic_safety_floor_v2_replay_2026-06-03.jsonl,12877,validation,hybrid_adjudicator_with_adapters,10 per 4 month,10 per 4 month,True,True,competing_semiologies,none,primary layer is Purist-correct,True,,True,True,True
gan2026_hybrid_parallel_state_candidate_reasoner_validation750_gpt41mini_v0_deterministic_safety_floor_v2_replay_2026-06-03.jsonl,12882,validation,hybrid_adjudicator_with_adapters,7 per 4 month,7 per 4 month,True,True,competing_semiologies,none,primary layer is Purist-correct,True,,True,True,True
gan2026_hybrid_parallel_state_candidate_reasoner_validation750_gpt41mini_v0_deterministic_safety_floor_v2_replay_2026-06-03.jsonl,12901,validation,hybrid_adjudicator_with_adapters,8 per 5 month,8 per 5 month,True,True,current_vs_historical;competing_semiologies,none,primary layer is Purist-correct,True,,True,True,True
gan2026_hybrid_parallel_state_candidate_reasoner_validation750_gpt41mini_v0_deterministic_safety_floor_v2_replay_2026-06-03.jsonl,12949,validation,hybrid_adjudicator_with_adapters,9 per 6 month,9 per 6 month,True,True,competing_semiologies,none,primary layer is Purist-correct,True,,True,True,True
gan2026_hybrid_parallel_state_candidate_reasoner_validation750_gpt41mini_v0_deterministic_safety_floor_v2_replay_2026-06-03.jsonl,12950,validation,hybrid_adjudicator_with_adapters,7 per 3 month,7 per 3 month,True,True,competing_semiologies,none,primary layer is Purist-correct,True,,True,True,True
gan2026_hybrid_parallel_state_candidate_reasoner_validation750_gpt41mini_v0_deterministic_safety_floor_v2_replay_2026-06-03.jsonl,12963,validation,hybrid_adjudicator_with_adapters,unknown,no seizure frequency reference,True,True,unknown_boundary;current_vs_historical;uncertainty_or_ambiguity,none,primary layer is Purist-correct,True,,True,False,False
gan2026_hybrid_parallel_state_candidate_reasoner_validation750_gpt41mini_v0_deterministic_safety_floor_v2_replay_2026-06-03.jsonl,12979,validation,hybrid_adjudicator_with_adapters,3 per 4 month,3 per 4 month,True,True,competing_semiologies,none,primary layer is Purist-correct,True,,True,True,True
gan2026_hybrid_parallel_state_candidate_reasoner_validation750_gpt41mini_v0_deterministic_safety_floor_v2_replay_2026-06-03.jsonl,13008,validation,hybrid_adjudicator_with_adapters,4 per month,4 per month,True,True,current_vs_historical;competing_semiologies,none,primary layer is Purist-correct,True,,True,True,True
gan2026_hybrid_parallel_state_candidate_reasoner_validation750_gpt41mini_v0_deterministic_safety_floor_v2_replay_2026-06-03.jsonl,13011,validation,hybrid_adjudicator_with_adapters,3 per 4 month,3 per 4 month,True,True,current_vs_historical,none,primary layer is Purist-correct,True,,True,True,True
gan2026_hybrid_parallel_state_candidate_reasoner_validation750_gpt41mini_v0_deterministic_safety_floor_v2_replay_2026-06-03.jsonl,13051,validation,hybrid_adjudicator_with_adapters,2 per 8 month,2 per 8 month,True,True,seizure_free_duration;cluster_burden;rate_bucket_or_denominator;competing_semiologies,none,primary layer is Purist-correct,True,,True,True,True
gan2026_hybrid_parallel_state_candidate_reasoner_validation750_gpt41mini_v0_deterministic_safety_floor_v2_replay_2026-06-03.jsonl,13058,validation,hybrid_adjudicator_with_adapters,2 per 7 month,2 per 7 month,True,True,seizure_free_duration;cluster_burden;rate_bucket_or_denominator;competing_semiologies,none,primary layer is Purist-correct,True,,True,True,True
gan2026_hybrid_parallel_state_candidate_reasoner_validation750_gpt41mini_v0_deterministic_safety_floor_v2_replay_2026-06-03.jsonl,13114,validation,hybrid_adjudicator_with_adapters,1 per year,1 per year,True,True,seizure_free_duration;competing_semiologies,none,primary layer is Purist-correct,True,,True,True,True
gan2026_hybrid_parallel_state_candidate_reasoner_validation750_gpt41mini_v0_deterministic_safety_floor_v2_replay_2026-06-03.jsonl,13122,validation,hybrid_adjudicator_with_adapters,3 per year,3 per year,True,True,seizure_free_duration;competing_semiologies,none,primary layer is Purist-correct,True,,True,True,True
gan2026_hybrid_parallel_state_candidate_reasoner_validation750_gpt41mini_v0_deterministic_safety_floor_v2_replay_2026-06-03.jsonl,13149,validation,hybrid_adjudicator_with_adapters,3 per year,3 per year,True,True,seizure_free_duration;competing_semiologies,none,primary layer is Purist-correct,True,,True,True,True
gan2026_hybrid_parallel_state_candidate_reasoner_validation750_gpt41mini_v0_deterministic_safety_floor_v2_replay_2026-06-03.jsonl,13178,validation,hybrid_adjudicator_with_adapters,1 per 6 month,1 per 6 month,True,True,seizure_free_duration;competing_semiologies,none,primary layer is Purist-correct,True,,True,True,True
gan2026_hybrid_parallel_state_candidate_reasoner_validation750_gpt41mini_v0_deterministic_safety_floor_v2_replay_2026-06-03.jsonl,13190,validation,hybrid_adjudicator_with_adapters,1 per 5 month,1 per 5 month,True,True,seizure_free_duration;competing_semiologies,none,primary layer is Purist-correct,True,,True,True,True
gan2026_hybrid_parallel_state_candidate_reasoner_validation750_gpt41mini_v0_deterministic_safety_floor_v2_replay_2026-06-03.jsonl,13209,validation,hybrid_adjudicator_with_adapters,1 per 8 month,1 per 4 to 5 week,False,True,seizure_free_duration;competing_semiologies,projection,gold appears representable but projection is wrong,True,,False,True,True
gan2026_hybrid_parallel_state_candidate_reasoner_validation750_gpt41mini_v0_deterministic_safety_floor_v2_replay_2026-06-03.jsonl,13267,validation,hybrid_adjudicator_with_adapters,2 per 5 month,2 per 5 month,True,True,competing_semiologies,none,primary layer is Purist-correct,True,,True,True,True
gan2026_hybrid_parallel_state_candidate_reasoner_validation750_gpt41mini_v0_deterministic_safety_floor_v2_replay_2026-06-03.jsonl,13290,validation,hybrid_adjudicator_with_adapters,4 per 6 month,4 per 6 month,True,True,competing_semiologies,none,primary layer is Purist-correct,True,,True,True,True
gan2026_hybrid_parallel_state_candidate_reasoner_validation750_gpt41mini_v0_deterministic_safety_floor_v2_replay_2026-06-03.jsonl,13327,validation,hybrid_adjudicator_with_adapters,seizure free for multiple year,seizure free for multiple year,True,True,seizure_free_duration;current_vs_historical;competing_semiologies,none,primary layer is Purist-correct,True,,True,True,True
gan2026_hybrid_parallel_state_candidate_reasoner_validation750_gpt41mini_v0_deterministic_safety_floor_v2_replay_2026-06-03.jsonl,13336,validation,hybrid_adjudicator_with_adapters,seizure free for 1.5 year,seizure free for 1.5 year,True,True,seizure_free_duration;current_vs_historical;competing_semiologies,none,primary layer is Purist-correct,True,,True,True,True
gan2026_hybrid_parallel_state_candidate_reasoner_validation750_gpt41mini_v0_deterministic_safety_floor_v2_replay_2026-06-03.jsonl,13349,validation,hybrid_adjudicator_with_adapters,seizure free for multiple year,seizure free for multiple year,True,True,seizure_free_duration;current_vs_historical;competing_semiologies,none,primary layer is Purist-correct,True,,True,True,True
gan2026_hybrid_parallel_state_candidate_reasoner_validation750_gpt41mini_v0_deterministic_safety_floor_v2_replay_2026-06-03.jsonl,13385,validation,hybrid_adjudicator_with_adapters,seizure free for 1.5 year,seizure free for 1.5 year,True,True,seizure_free_duration;rate_bucket_or_denominator;competing_semiologies,none,primary layer is Purist-correct,True,,True,True,True
gan2026_hybrid_parallel_state_candidate_reasoner_validation750_gpt41mini_v0_deterministic_safety_floor_v2_replay_2026-06-03.jsonl,13450,validation,hybrid_adjudicator_with_adapters,seizure free for 1 year,seizure free for multiple year,True,True,seizure_free_duration;competing_semiologies,none,primary layer is Purist-correct,True,,True,True,True
gan2026_hybrid_parallel_state_candidate_reasoner_validation750_gpt41mini_v0_deterministic_safety_floor_v2_replay_2026-06-03.jsonl,13471,validation,hybrid_adjudicator_with_adapters,seizure free for 5 year,seizure free for multiple year,True,True,seizure_free_duration;competing_semiologies,none,primary layer is Purist-correct,True,,True,True,True
gan2026_hybrid_parallel_state_candidate_reasoner_validation750_gpt41mini_v0_deterministic_safety_floor_v2_replay_2026-06-03.jsonl,13478,validation,hybrid_adjudicator_with_adapters,seizure free for 1 year,seizure free for multiple year,True,True,seizure_free_duration;competing_semiologies,none,primary layer is Purist-correct,True,,True,True,True
gan2026_hybrid_parallel_state_candidate_reasoner_validation750_gpt41mini_v0_deterministic_safety_floor_v2_replay_2026-06-03.jsonl,13485,validation,hybrid_adjudicator_with_adapters,seizure free for multiple year,seizure free for multiple year,True,True,seizure_free_duration;competing_semiologies,none,primary layer is Purist-correct,True,,True,True,True
gan2026_hybrid_parallel_state_candidate_reasoner_validation750_gpt41mini_v0_deterministic_safety_floor_v2_replay_2026-06-03.jsonl,13487,validation,hybrid_adjudicator_with_adapters,seizure free for multiple year,seizure free for multiple year,True,True,seizure_free_duration;competing_semiologies,none,primary layer is Purist-correct,True,,True,True,True
gan2026_hybrid_parallel_state_candidate_reasoner_validation750_gpt41mini_v0_deterministic_safety_floor_v2_replay_2026-06-03.jsonl,13513,validation,hybrid_adjudicator_with_adapters,seizure free for 1.5 year,seizure free for 1.5 year,True,True,seizure_free_duration;current_vs_historical;competing_semiologies,none,primary layer is Purist-correct,True,,True,True,True
gan2026_hybrid_parallel_state_candidate_reasoner_validation750_gpt41mini_v0_deterministic_safety_floor_v2_replay_2026-06-03.jsonl,13574,validation,hybrid_adjudicator_with_adapters,seizure free for multiple year,seizure free for multiple year,True,True,seizure_free_duration;cluster_burden;current_vs_historical;competing_semiologies,none,primary layer is Purist-correct,True,,True,True,True
gan2026_hybrid_parallel_state_candidate_reasoner_validation750_gpt41mini_v0_deterministic_safety_floor_v2_replay_2026-06-03.jsonl,13595,validation,hybrid_adjudicator_with_adapters,seizure free for multiple year,seizure free for multiple year,True,True,seizure_free_duration;cluster_burden;current_vs_historical;competing_semiologies,none,primary layer is Purist-correct,True,,True,True,True
gan2026_hybrid_parallel_state_candidate_reasoner_validation750_gpt41mini_v0_deterministic_safety_floor_v2_replay_2026-06-03.jsonl,13598,validation,hybrid_adjudicator_with_adapters,seizure free for multiple year,seizure free for multiple year,True,True,seizure_free_duration;cluster_burden;current_vs_historical;competing_semiologies,none,primary layer is Purist-correct,True,,True,True,True
gan2026_hybrid_parallel_state_candidate_reasoner_validation750_gpt41mini_v0_deterministic_safety_floor_v2_replay_2026-06-03.jsonl,13608,validation,hybrid_adjudicator_with_adapters,seizure free for multiple year,seizure free for multiple year,True,True,seizure_free_duration;cluster_burden;current_vs_historical;competing_semiologies,none,primary layer is Purist-correct,True,,True,True,True
gan2026_hybrid_parallel_state_candidate_reasoner_validation750_gpt41mini_v0_deterministic_safety_floor_v2_replay_2026-06-03.jsonl,13627,validation,hybrid_adjudicator_with_adapters,64 per 12 month,64 per 12 month,True,True,unclassified,none,primary layer is Purist-correct,True,,True,True,True
gan2026_hybrid_parallel_state_candidate_reasoner_validation750_gpt41mini_v0_deterministic_safety_floor_v2_replay_2026-06-03.jsonl,13635,validation,hybrid_adjudicator_with_adapters,47 per 7 month,2 to 3 per week,True,True,rate_bucket_or_denominator,none,primary layer is Purist-correct,True,,True,True,True
gan2026_hybrid_parallel_state_candidate_reasoner_validation750_gpt41mini_v0_deterministic_safety_floor_v2_replay_2026-06-03.jsonl,13711,validation,hybrid_adjudicator_with_adapters,76 per 12 month,76 per 12 month,True,True,unclassified,none,primary layer is Purist-correct,True,,True,True,True
gan2026_hybrid_parallel_state_candidate_reasoner_validation750_gpt41mini_v0_deterministic_safety_floor_v2_replay_2026-06-03.jsonl,13721,validation,hybrid_adjudicator_with_adapters,77 per 12 month,77 per 12 month,True,True,unclassified,none,primary layer is Purist-correct,True,,True,True,True
gan2026_hybrid_parallel_state_candidate_reasoner_validation750_gpt41mini_v0_deterministic_safety_floor_v2_replay_2026-06-03.jsonl,13732,validation,hybrid_adjudicator_with_adapters,52 per 8 month,52 per 8 month,True,True,unclassified,none,primary layer is Purist-correct,True,,True,True,True
gan2026_hybrid_parallel_state_candidate_reasoner_validation750_gpt41mini_v0_deterministic_safety_floor_v2_replay_2026-06-03.jsonl,13843,validation,hybrid_adjudicator_with_adapters,seizure free for multiple month,no seizure frequency reference,False,False,seizure_free_duration;diary_or_log_aggregation;current_vs_historical,candidate_generation,gold state absent from candidate set,True,,False,False,False
gan2026_hybrid_parallel_state_candidate_reasoner_validation750_gpt41mini_v0_deterministic_safety_floor_v2_replay_2026-06-03.jsonl,13858,validation,hybrid_adjudicator_with_adapters,seizure free for multiple month,no seizure frequency reference,False,False,seizure_free_duration;diary_or_log_aggregation;current_vs_historical,candidate_generation,gold state absent from candidate set,True,,False,False,False
gan2026_hybrid_parallel_state_candidate_reasoner_validation750_gpt41mini_v0_deterministic_safety_floor_v2_replay_2026-06-03.jsonl,13889,validation,hybrid_adjudicator_with_adapters,seizure free for multiple month,no seizure frequency reference,False,False,seizure_free_duration;current_vs_historical,candidate_generation,gold state absent from candidate set,True,,False,False,False
gan2026_hybrid_parallel_state_candidate_reasoner_validation750_gpt41mini_v0_deterministic_safety_floor_v2_replay_2026-06-03.jsonl,13893,validation,hybrid_adjudicator_with_adapters,2 per year,2 per year,True,True,current_vs_historical;competing_semiologies,none,primary layer is Purist-correct,True,,True,True,True
gan2026_hybrid_parallel_state_candidate_reasoner_validation750_gpt41mini_v0_deterministic_safety_floor_v2_replay_2026-06-03.jsonl,13922,validation,hybrid_adjudicator_with_adapters,unknown,no seizure frequency reference,True,True,unknown_boundary;current_vs_historical;uncertainty_or_ambiguity,none,primary layer is Purist-correct,True,,True,False,False
gan2026_hybrid_parallel_state_candidate_reasoner_validation750_gpt41mini_v0_deterministic_safety_floor_v2_replay_2026-06-03.jsonl,14002,validation,hybrid_adjudicator_with_adapters,unknown,no seizure frequency reference,True,True,unknown_boundary;diary_or_log_aggregation;current_vs_historical;uncertainty_or_ambiguity,none,primary layer is Purist-correct,True,,True,False,False
gan2026_hybrid_parallel_state_candidate_reasoner_validation750_gpt41mini_v0_deterministic_safety_floor_v2_replay_2026-06-03.jsonl,14025,validation,hybrid_adjudicator_with_adapters,unknown,seizure free for multiple year,False,False,unknown_boundary;seizure_free_duration;current_vs_historical;competing_semiologies;uncertainty_or_ambiguity,candidate_generation,gold state absent from candidate set,True,,False,False,False
gan2026_hybrid_parallel_state_candidate_reasoner_validation750_gpt41mini_v0_deterministic_safety_floor_v2_replay_2026-06-03.jsonl,14029,validation,hybrid_adjudicator_with_adapters,unknown,no seizure frequency reference,True,True,unknown_boundary;current_vs_historical;uncertainty_or_ambiguity,none,primary layer is Purist-correct,True,,True,False,False
gan2026_hybrid_parallel_state_candidate_reasoner_validation750_gpt41mini_v0_deterministic_safety_floor_v2_replay_2026-06-03.jsonl,14040,validation,hybrid_adjudicator_with_adapters,unknown,no seizure frequency reference,True,True,unknown_boundary;current_vs_historical;uncertainty_or_ambiguity,none,primary layer is Purist-correct,True,,True,False,False
gan2026_hybrid_parallel_state_candidate_reasoner_validation750_gpt41mini_v0_deterministic_safety_floor_v2_replay_2026-06-03.jsonl,14076,validation,hybrid_adjudicator_with_adapters,unknown,seizure free for multiple year,False,False,unknown_boundary;seizure_free_duration;current_vs_historical;competing_semiologies;uncertainty_or_ambiguity,candidate_generation,gold state absent from candidate set,True,,False,False,False
gan2026_hybrid_parallel_state_candidate_reasoner_validation750_gpt41mini_v0_deterministic_safety_floor_v2_replay_2026-06-03.jsonl,14092,validation,hybrid_adjudicator_with_adapters,unknown,no seizure frequency reference,True,True,unknown_boundary;current_vs_historical;competing_semiologies;uncertainty_or_ambiguity,none,primary layer is Purist-correct,True,,True,False,False
gan2026_hybrid_parallel_state_candidate_reasoner_validation750_gpt41mini_v0_deterministic_safety_floor_v2_replay_2026-06-03.jsonl,14096,validation,hybrid_adjudicator_with_adapters,unknown,no seizure frequency reference,True,True,unknown_boundary;current_vs_historical;competing_semiologies;uncertainty_or_ambiguity,none,primary layer is Purist-correct,True,,True,False,False
gan2026_hybrid_parallel_state_candidate_reasoner_validation750_gpt41mini_v0_deterministic_safety_floor_v2_replay_2026-06-03.jsonl,14137,validation,hybrid_adjudicator_with_adapters,unknown,no seizure frequency reference,True,True,unknown_boundary;current_vs_historical;competing_semiologies;uncertainty_or_ambiguity,none,primary layer is Purist-correct,True,,True,False,False
gan2026_hybrid_parallel_state_candidate_reasoner_validation750_gpt41mini_v0_deterministic_safety_floor_v2_replay_2026-06-03.jsonl,14146,validation,hybrid_adjudicator_with_adapters,unknown,no seizure frequency reference,True,True,unknown_boundary;current_vs_historical;competing_semiologies;uncertainty_or_ambiguity,none,primary layer is Purist-correct,True,,True,False,False
gan2026_hybrid_parallel_state_candidate_reasoner_validation750_gpt41mini_v0_deterministic_safety_floor_v2_replay_2026-06-03.jsonl,14187,validation,hybrid_adjudicator_with_adapters,2 to 3 per month,2 to 3 per month,True,True,seizure_free_duration;current_vs_historical,none,primary layer is Purist-correct,True,,True,True,True
gan2026_hybrid_parallel_state_candidate_reasoner_validation750_gpt41mini_v0_deterministic_safety_floor_v2_replay_2026-06-03.jsonl,14214,validation,hybrid_adjudicator_with_adapters,2 to 4 per month,2 to 4 per month,True,True,seizure_free_duration;current_vs_historical,none,primary layer is Purist-correct,True,,True,True,True
gan2026_hybrid_parallel_state_candidate_reasoner_validation750_gpt41mini_v0_deterministic_safety_floor_v2_replay_2026-06-03.jsonl,14250,validation,hybrid_adjudicator_with_adapters,2 per month,2 per month,True,True,current_vs_historical,none,primary layer is Purist-correct,True,,True,True,True
gan2026_hybrid_parallel_state_candidate_reasoner_validation750_gpt41mini_v0_deterministic_safety_floor_v2_replay_2026-06-03.jsonl,14282,validation,hybrid_adjudicator_with_adapters,multiple per month,multiple per month,True,True,current_vs_historical;benchmark_format_convention,none,primary layer is Purist-correct,True,,True,True,True
gan2026_hybrid_parallel_state_candidate_reasoner_validation750_gpt41mini_v0_deterministic_safety_floor_v2_replay_2026-06-03.jsonl,14284,validation,hybrid_adjudicator_with_adapters,2 to 3 per month,2 to 3 per month,True,True,current_vs_historical,none,primary layer is Purist-correct,True,,True,True,True
gan2026_hybrid_parallel_state_candidate_reasoner_validation750_gpt41mini_v0_deterministic_safety_floor_v2_replay_2026-06-03.jsonl,14317,validation,hybrid_adjudicator_with_adapters,4 per 2 month,4 per 2 month,True,True,current_vs_historical,none,primary layer is Purist-correct,True,,True,True,True
gan2026_hybrid_parallel_state_candidate_reasoner_validation750_gpt41mini_v0_deterministic_safety_floor_v2_replay_2026-06-03.jsonl,14332,validation,hybrid_adjudicator_with_adapters,5 per 2 month,5 per 2 month,True,True,current_vs_historical,none,primary layer is Purist-correct,True,,True,True,True
gan2026_hybrid_parallel_state_candidate_reasoner_validation750_gpt41mini_v0_deterministic_safety_floor_v2_replay_2026-06-03.jsonl,14335,validation,hybrid_adjudicator_with_adapters,3 to 4 per 2 month,3 to 4 per 2 month,True,True,current_vs_historical,none,primary layer is Purist-correct,True,,True,True,True
gan2026_hybrid_parallel_state_candidate_reasoner_validation750_gpt41mini_v0_deterministic_safety_floor_v2_replay_2026-06-03.jsonl,14383,validation,hybrid_adjudicator_with_adapters,3 to 4 per 3 month,3 to 4 per 3 month,True,True,current_vs_historical,none,primary layer is Purist-correct,True,,True,True,True
gan2026_hybrid_parallel_state_candidate_reasoner_validation750_gpt41mini_v0_deterministic_safety_floor_v2_replay_2026-06-03.jsonl,14454,validation,hybrid_adjudicator_with_adapters,2 per 2 month,2 per 2 month,True,True,seizure_free_duration;current_vs_historical,none,primary layer is Purist-correct,True,,True,True,True
gan2026_hybrid_parallel_state_candidate_reasoner_validation750_gpt41mini_v0_deterministic_safety_floor_v2_replay_2026-06-03.jsonl,14524,validation,hybrid_adjudicator_with_adapters,2 per 6 month,2 per 6 month,True,True,diary_or_log_aggregation;competing_semiologies,none,primary layer is Purist-correct,True,,True,True,True
gan2026_hybrid_parallel_state_candidate_reasoner_validation750_gpt41mini_v0_deterministic_safety_floor_v2_replay_2026-06-03.jsonl,14530,validation,hybrid_adjudicator_with_adapters,2 per 2 month,2 per 2 month,True,True,diary_or_log_aggregation;competing_semiologies,none,primary layer is Purist-correct,True,,True,True,True
gan2026_hybrid_parallel_state_candidate_reasoner_validation750_gpt41mini_v0_deterministic_safety_floor_v2_replay_2026-06-03.jsonl,14540,validation,hybrid_adjudicator_with_adapters,2 per 8 month,2 per 8 month,True,True,unclassified,none,primary layer is Purist-correct,True,,True,True,True
gan2026_hybrid_parallel_state_candidate_reasoner_validation750_gpt41mini_v0_deterministic_safety_floor_v2_replay_2026-06-03.jsonl,14562,validation,hybrid_adjudicator_with_adapters,3 per 6 month,3 per 6 month,True,True,unclassified,none,primary layer is Purist-correct,True,,True,True,True
gan2026_hybrid_parallel_state_candidate_reasoner_validation750_gpt41mini_v0_deterministic_safety_floor_v2_replay_2026-06-03.jsonl,14567,validation,hybrid_adjudicator_with_adapters,3 per 3 month,3 per 3 month,True,True,unclassified,none,primary layer is Purist-correct,True,,True,True,True
gan2026_hybrid_parallel_state_candidate_reasoner_validation750_gpt41mini_v0_deterministic_safety_floor_v2_replay_2026-06-03.jsonl,14581,validation,hybrid_adjudicator_with_adapters,2 per 3 month,2 per 3 month,True,True,diary_or_log_aggregation;competing_semiologies,none,primary layer is Purist-correct,True,,True,True,True
gan2026_hybrid_parallel_state_candidate_reasoner_validation750_gpt41mini_v0_deterministic_safety_floor_v2_replay_2026-06-03.jsonl,14587,validation,hybrid_adjudicator_with_adapters,2 per 3 month,2 per 3 month,True,True,unclassified,none,primary layer is Purist-correct,True,,True,True,True
gan2026_hybrid_parallel_state_candidate_reasoner_validation750_gpt41mini_v0_deterministic_safety_floor_v2_replay_2026-06-03.jsonl,14592,validation,hybrid_adjudicator_with_adapters,3 per 5 month,3 per 5 month,True,True,unclassified,none,primary layer is Purist-correct,True,,True,True,True
gan2026_hybrid_parallel_state_candidate_reasoner_validation750_gpt41mini_v0_deterministic_safety_floor_v2_replay_2026-06-03.jsonl,14611,validation,hybrid_adjudicator_with_adapters,2 per 4 month,2 per 4 month,True,True,diary_or_log_aggregation;competing_semiologies,none,primary layer is Purist-correct,True,,True,True,True
gan2026_hybrid_parallel_state_candidate_reasoner_validation750_gpt41mini_v0_deterministic_safety_floor_v2_replay_2026-06-03.jsonl,14628,validation,hybrid_adjudicator_with_adapters,2 per 2 month,2 per 2 month,True,True,unclassified,none,primary layer is Purist-correct,True,,True,True,True
gan2026_hybrid_parallel_state_candidate_reasoner_validation750_gpt41mini_v0_deterministic_safety_floor_v2_replay_2026-06-03.jsonl,14635,validation,hybrid_adjudicator_with_adapters,5 per 4 month,5 per 4 month,True,True,diary_or_log_aggregation;competing_semiologies,none,primary layer is Purist-correct,True,,True,True,True
gan2026_hybrid_parallel_state_candidate_reasoner_validation750_gpt41mini_v0_deterministic_safety_floor_v2_replay_2026-06-03.jsonl,14645,validation,hybrid_adjudicator_with_adapters,2 per 6 month,2 per 6 month,True,True,unclassified,none,primary layer is Purist-correct,True,,True,True,True
gan2026_hybrid_parallel_state_candidate_reasoner_validation750_gpt41mini_v0_deterministic_safety_floor_v2_replay_2026-06-03.jsonl,14662,validation,hybrid_adjudicator_with_adapters,3 per 4 month,3 per 4 month,True,True,unclassified,none,primary layer is Purist-correct,True,,True,True,True
gan2026_hybrid_parallel_state_candidate_reasoner_validation750_gpt41mini_v0_deterministic_safety_floor_v2_replay_2026-06-03.jsonl,14672,validation,hybrid_adjudicator_with_adapters,3 per 8 month,3 per 8 month,True,True,unclassified,none,primary layer is Purist-correct,True,,True,True,True
gan2026_hybrid_parallel_state_candidate_reasoner_validation750_gpt41mini_v0_deterministic_safety_floor_v2_replay_2026-06-03.jsonl,14706,validation,hybrid_adjudicator_with_adapters,2 per 5 month,2 per 5 month,True,True,unclassified,none,primary layer is Purist-correct,True,,True,True,True
gan2026_hybrid_parallel_state_candidate_reasoner_validation750_gpt41mini_v0_deterministic_safety_floor_v2_replay_2026-06-03.jsonl,14765,validation,hybrid_adjudicator_with_adapters,1 per month,1 per month,True,True,current_vs_historical;competing_semiologies,none,primary layer is Purist-correct,True,,True,True,True
gan2026_hybrid_parallel_state_candidate_reasoner_validation750_gpt41mini_v0_deterministic_safety_floor_v2_replay_2026-06-03.jsonl,14806,validation,hybrid_adjudicator_with_adapters,1 per 2 month,1 per 2 month,True,True,current_vs_historical;competing_semiologies,none,primary layer is Purist-correct,True,,True,True,True
gan2026_hybrid_parallel_state_candidate_reasoner_validation750_gpt41mini_v0_deterministic_safety_floor_v2_replay_2026-06-03.jsonl,14810,validation,hybrid_adjudicator_with_adapters,1 per month,12 per month,False,False,seizure_free_duration;current_vs_historical;competing_semiologies,candidate_generation,gold state absent from candidate set,True,,False,False,False
gan2026_hybrid_parallel_state_candidate_reasoner_validation750_gpt41mini_v0_deterministic_safety_floor_v2_replay_2026-06-03.jsonl,14821,validation,hybrid_adjudicator_with_adapters,1 per month,17 per month,False,False,seizure_free_duration;current_vs_historical;competing_semiologies,candidate_generation,gold state absent from candidate set,True,,False,False,False
gan2026_hybrid_parallel_state_candidate_reasoner_validation750_gpt41mini_v0_deterministic_safety_floor_v2_replay_2026-06-03.jsonl,14872,validation,hybrid_adjudicator_with_adapters,1 per month,1 per month,True,True,current_vs_historical;competing_semiologies,none,primary layer is Purist-correct,True,,True,True,True
gan2026_hybrid_parallel_state_candidate_reasoner_validation750_gpt41mini_v0_deterministic_safety_floor_v2_replay_2026-06-03.jsonl,14943,validation,hybrid_adjudicator_with_adapters,1 per 3 month,1 per 3 month,True,True,current_vs_historical;competing_semiologies,none,primary layer is Purist-correct,True,,True,True,True
gan2026_hybrid_parallel_state_candidate_reasoner_validation750_gpt41mini_v0_deterministic_safety_floor_v2_replay_2026-06-03.jsonl,14949,validation,hybrid_adjudicator_with_adapters,1 per month,1 per month,True,True,current_vs_historical;competing_semiologies,none,primary layer is Purist-correct,True,,True,True,True
gan2026_hybrid_parallel_state_candidate_reasoner_validation750_gpt41mini_v0_deterministic_safety_floor_v2_replay_2026-06-03.jsonl,14965,validation,hybrid_adjudicator_with_adapters,1 per 3 month,1 per 3 month,True,True,current_vs_historical;competing_semiologies,none,primary layer is Purist-correct,True,,True,True,True
gan2026_hybrid_parallel_state_candidate_reasoner_validation750_gpt41mini_v0_deterministic_safety_floor_v2_replay_2026-06-03.jsonl,14973,validation,hybrid_adjudicator_with_adapters,1 per month,1 per month,True,True,current_vs_historical;competing_semiologies,none,primary layer is Purist-correct,True,,True,True,True
gan2026_hybrid_parallel_state_candidate_reasoner_validation750_gpt41mini_v0_deterministic_safety_floor_v2_replay_2026-06-03.jsonl,15004,validation,hybrid_adjudicator_with_adapters,1 per 3 month,1 per 3 month,True,True,current_vs_historical;competing_semiologies,none,primary layer is Purist-correct,True,,True,True,True
gan2026_hybrid_parallel_state_candidate_reasoner_validation750_gpt41mini_v0_deterministic_safety_floor_v2_replay_2026-06-03.jsonl,15012,validation,hybrid_adjudicator_with_adapters,1 per 2 month,1 per 2 month,True,True,current_vs_historical;competing_semiologies,none,primary layer is Purist-correct,True,,True,True,True
gan2026_hybrid_parallel_state_candidate_reasoner_validation750_gpt41mini_v0_deterministic_safety_floor_v2_replay_2026-06-03.jsonl,15021,validation,hybrid_adjudicator_with_adapters,1 per 3 month,1 per 3 month,True,True,current_vs_historical;competing_semiologies,none,primary layer is Purist-correct,True,,True,True,True
gan2026_hybrid_parallel_state_candidate_reasoner_validation750_gpt41mini_v0_deterministic_safety_floor_v2_replay_2026-06-03.jsonl,15029,validation,hybrid_adjudicator_with_adapters,1 per 3 month,1 per 3 month,True,True,current_vs_historical;competing_semiologies,none,primary layer is Purist-correct,True,,True,True,True
gan2026_hybrid_parallel_state_candidate_reasoner_validation750_gpt41mini_v0_deterministic_safety_floor_v2_replay_2026-06-03.jsonl,15094,validation,hybrid_adjudicator_with_adapters,4 per 13 month,4 per 13 month,True,True,current_vs_historical;competing_semiologies,none,primary layer is Purist-correct,True,,True,True,True
gan2026_hybrid_parallel_state_candidate_reasoner_validation750_gpt41mini_v0_deterministic_safety_floor_v2_replay_2026-06-03.jsonl,15108,validation,hybrid_adjudicator_with_adapters,3 to 4 per 15 month,3 to 4 per 15 month,True,True,current_vs_historical;competing_semiologies,none,primary layer is Purist-correct,True,,True,True,True
gan2026_hybrid_parallel_state_candidate_reasoner_validation750_gpt41mini_v0_deterministic_safety_floor_v2_replay_2026-06-03.jsonl,15127,validation,hybrid_adjudicator_with_adapters,5 per 13 month,5 per 13 month,True,True,current_vs_historical;competing_semiologies,none,primary layer is Purist-correct,True,,True,True,True
gan2026_hybrid_parallel_state_candidate_reasoner_validation750_gpt41mini_v0_deterministic_safety_floor_v2_replay_2026-06-03.jsonl,15129,validation,hybrid_adjudicator_with_adapters,4 per 15 month,4 per 15 month,True,True,current_vs_historical;competing_semiologies,none,primary layer is Purist-correct,True,,True,True,True
gan2026_hybrid_parallel_state_candidate_reasoner_validation750_gpt41mini_v0_deterministic_safety_floor_v2_replay_2026-06-03.jsonl,15141,validation,hybrid_adjudicator_with_adapters,4 to 5 per 15 month,4 to 5 per 15 month,True,True,current_vs_historical;competing_semiologies,none,primary layer is Purist-correct,True,,True,True,True
gan2026_hybrid_parallel_state_candidate_reasoner_validation750_gpt41mini_v0_deterministic_safety_floor_v2_replay_2026-06-03.jsonl,15168,validation,hybrid_adjudicator_with_adapters,multiple per 15 month,seizure free for multiple year,False,False,seizure_free_duration;current_vs_historical;competing_semiologies;benchmark_format_convention,candidate_generation,gold state absent from candidate set,True,,False,False,False
gan2026_hybrid_parallel_state_candidate_reasoner_validation750_gpt41mini_v0_deterministic_safety_floor_v2_replay_2026-06-03.jsonl,15193,validation,hybrid_adjudicator_with_adapters,multiple per 13 month,seizure free for multiple year,False,False,seizure_free_duration;current_vs_historical;competing_semiologies;benchmark_format_convention,candidate_generation,gold state absent from candidate set,True,,False,False,False
gan2026_hybrid_parallel_state_candidate_reasoner_validation750_gpt41mini_v0_deterministic_safety_floor_v2_replay_2026-06-03.jsonl,15242,validation,hybrid_adjudicator_with_adapters,"multiple cluster per 15 month, multiple per cluster","multiple cluster per 15 month, multiple per cluster",True,True,cluster_burden;current_vs_historical;competing_semiologies;benchmark_format_convention,none,primary layer is Purist-correct,True,,True,True,True
gan2026_hybrid_parallel_state_candidate_reasoner_validation750_gpt41mini_v0_deterministic_safety_floor_v2_replay_2026-06-03.jsonl,15262,validation,hybrid_adjudicator_with_adapters,"multiple cluster per 13 month, multiple per cluster","multiple cluster per 13 month, multiple per cluster",True,True,cluster_burden;current_vs_historical;competing_semiologies;benchmark_format_convention,none,primary layer is Purist-correct,True,,True,True,True
gan2026_hybrid_parallel_state_candidate_reasoner_validation750_gpt41mini_v0_deterministic_safety_floor_v2_replay_2026-06-03.jsonl,15267,validation,hybrid_adjudicator_with_adapters,3 per 14 month,3 per 14 month,True,True,current_vs_historical;competing_semiologies,none,primary layer is Purist-correct,True,,True,True,True
gan2026_hybrid_parallel_state_candidate_reasoner_validation750_gpt41mini_v0_deterministic_safety_floor_v2_replay_2026-06-03.jsonl,15306,validation,hybrid_adjudicator_with_adapters,2 to 3 per 15 month,2 to 3 per 15 month,True,True,current_vs_historical;competing_semiologies,none,primary layer is Purist-correct,True,,True,True,True
gan2026_hybrid_parallel_state_candidate_reasoner_validation750_gpt41mini_v0_deterministic_safety_floor_v2_replay_2026-06-03.jsonl,15317,validation,hybrid_adjudicator_with_adapters,2 to 3 per 15 month,2 to 3 per 15 month,True,True,current_vs_historical;competing_semiologies,none,primary layer is Purist-correct,True,,True,True,True
gan2026_hybrid_parallel_state_candidate_reasoner_validation750_gpt41mini_v0_deterministic_safety_floor_v2_replay_2026-06-03.jsonl,15376,validation,hybrid_adjudicator_with_adapters,"1 cluster per 2 week, 4 to 6 per cluster","1 cluster per 2 week, 4 to 6 per cluster",True,True,cluster_burden,none,primary layer is Purist-correct,True,,True,True,True
gan2026_hybrid_parallel_state_candidate_reasoner_validation750_gpt41mini_v0_deterministic_safety_floor_v2_replay_2026-06-03.jsonl,15404,validation,hybrid_adjudicator_with_adapters,"1 cluster per 4 month, 3 to 4 per cluster","1 cluster per 4 month, 3 to 4 per cluster",True,True,seizure_free_duration;cluster_burden,none,primary layer is Purist-correct,True,,True,True,True
gan2026_hybrid_parallel_state_candidate_reasoner_validation750_gpt41mini_v0_deterministic_safety_floor_v2_replay_2026-06-03.jsonl,15429,validation,hybrid_adjudicator_with_adapters,"1 cluster per 2 month, 4 per cluster","1 cluster per 2 month, 4 per cluster",True,True,seizure_free_duration;cluster_burden,none,primary layer is Purist-correct,True,,True,True,True
gan2026_hybrid_parallel_state_candidate_reasoner_validation750_gpt41mini_v0_deterministic_safety_floor_v2_replay_2026-06-03.jsonl,15431,validation,hybrid_adjudicator_with_adapters,"1 cluster per 4 month, 5 per cluster","1 cluster per 4 month, 5 per cluster",True,True,seizure_free_duration;cluster_burden,none,primary layer is Purist-correct,True,,True,True,True
gan2026_hybrid_parallel_state_candidate_reasoner_validation750_gpt41mini_v0_deterministic_safety_floor_v2_replay_2026-06-03.jsonl,15442,validation,hybrid_adjudicator_with_adapters,"1 cluster per 4 day, 2 per cluster","1 cluster per 4 day, 2 per cluster",True,True,seizure_free_duration;cluster_burden;competing_semiologies,none,primary layer is Purist-correct,True,,True,True,True
gan2026_hybrid_parallel_state_candidate_reasoner_validation750_gpt41mini_v0_deterministic_safety_floor_v2_replay_2026-06-03.jsonl,15470,validation,hybrid_adjudicator_with_adapters,"1 cluster per 5 day, multiple per cluster","1 cluster per 5 day, multiple per cluster",True,True,seizure_free_duration;cluster_burden;competing_semiologies;benchmark_format_convention,none,primary layer is Purist-correct,True,,True,True,True
gan2026_hybrid_parallel_state_candidate_reasoner_validation750_gpt41mini_v0_deterministic_safety_floor_v2_replay_2026-06-03.jsonl,15479,validation,hybrid_adjudicator_with_adapters,"1 cluster per 4 to 5 day, 2 per cluster","1 cluster per 4 to 5 day, 2 per cluster",True,True,seizure_free_duration;cluster_burden;competing_semiologies,none,primary layer is Purist-correct,True,,True,True,True
gan2026_hybrid_parallel_state_candidate_reasoner_validation750_gpt41mini_v0_deterministic_safety_floor_v2_replay_2026-06-03.jsonl,15497,validation,hybrid_adjudicator_with_adapters,"1 cluster per 4 to 5 day, 5 per cluster","1 cluster per 4 to 5 day, 5 per cluster",True,True,cluster_burden,none,primary layer is Purist-correct,True,,True,True,True
gan2026_hybrid_parallel_state_candidate_reasoner_validation750_gpt41mini_v0_deterministic_safety_floor_v2_replay_2026-06-03.jsonl,15503,validation,hybrid_adjudicator_with_adapters,"1 cluster per 5 day, 3 to 4 per cluster","1 cluster per 5 day, 3 to 4 per cluster",True,True,cluster_burden,none,primary layer is Purist-correct,True,,True,True,True
gan2026_hybrid_parallel_state_candidate_reasoner_validation750_gpt41mini_v0_deterministic_safety_floor_v2_replay_2026-06-03.jsonl,15513,validation,hybrid_adjudicator_with_adapters,"1 cluster per 4 to 5 day, 2 to 3 per cluster","1 cluster per 4 to 5 day, 2 to 3 per cluster",True,True,cluster_burden,none,primary layer is Purist-correct,True,,True,True,True
gan2026_hybrid_parallel_state_candidate_reasoner_validation750_gpt41mini_v0_deterministic_safety_floor_v2_replay_2026-06-03.jsonl,15519,validation,hybrid_adjudicator_with_adapters,"1 cluster per 4 day, 3 per cluster","1 cluster per 4 day, 3 per cluster",True,True,cluster_burden,none,primary layer is Purist-correct,True,,True,True,True
gan2026_hybrid_parallel_state_candidate_reasoner_validation750_gpt41mini_v0_deterministic_safety_floor_v2_replay_2026-06-03.jsonl,15529,validation,hybrid_adjudicator_with_adapters,"1 cluster per 3 day, 4 per cluster","1 cluster per 3 day, 4 per cluster",True,True,cluster_burden,none,primary layer is Purist-correct,True,,True,True,True
gan2026_hybrid_parallel_state_candidate_reasoner_validation750_gpt41mini_v0_deterministic_safety_floor_v2_replay_2026-06-03.jsonl,15593,validation,hybrid_adjudicator_with_adapters,"1 cluster per 5 day, 2 to 4 per cluster",2 per 6 month,False,False,cluster_burden;current_vs_historical,candidate_generation,gold state absent from candidate set,True,,False,False,False
gan2026_hybrid_parallel_state_candidate_reasoner_validation750_gpt41mini_v0_deterministic_safety_floor_v2_replay_2026-06-03.jsonl,15614,validation,hybrid_adjudicator_with_adapters,3 per week,3 per week,True,True,rate_bucket_or_denominator;current_vs_historical;competing_semiologies,none,primary layer is Purist-correct,True,,True,True,True
gan2026_hybrid_parallel_state_candidate_reasoner_validation750_gpt41mini_v0_deterministic_safety_floor_v2_replay_2026-06-03.jsonl,15628,validation,hybrid_adjudicator_with_adapters,multiple per week,multiple per week,True,True,rate_bucket_or_denominator;current_vs_historical;competing_semiologies;benchmark_format_convention,none,primary layer is Purist-correct,True,,True,True,True
gan2026_hybrid_parallel_state_candidate_reasoner_validation750_gpt41mini_v0_deterministic_safety_floor_v2_replay_2026-06-03.jsonl,15639,validation,hybrid_adjudicator_with_adapters,2 per week,2 per week,True,True,rate_bucket_or_denominator;current_vs_historical;competing_semiologies,none,primary layer is Purist-correct,True,,True,True,True
gan2026_hybrid_parallel_state_candidate_reasoner_validation750_gpt41mini_v0_deterministic_safety_floor_v2_replay_2026-06-03.jsonl,15642,validation,hybrid_adjudicator_with_adapters,2 to 4 per week,2 to 4 per week,True,True,rate_bucket_or_denominator;current_vs_historical;competing_semiologies,none,primary layer is Purist-correct,True,,True,True,True
gan2026_hybrid_parallel_state_candidate_reasoner_validation750_gpt41mini_v0_deterministic_safety_floor_v2_replay_2026-06-03.jsonl,15650,validation,hybrid_adjudicator_with_adapters,3 to 4 per day,3 to 4 per day,True,True,rate_bucket_or_denominator;current_vs_historical;competing_semiologies,none,primary layer is Purist-correct,True,,True,True,True
gan2026_hybrid_parallel_state_candidate_reasoner_validation750_gpt41mini_v0_deterministic_safety_floor_v2_replay_2026-06-03.jsonl,15672,validation,hybrid_adjudicator_with_adapters,1 per day,2 per 6 week,False,True,cluster_burden;rate_bucket_or_denominator;current_vs_historical,candidate_generation,gold state absent from candidate set,True,,False,False,False
gan2026_hybrid_parallel_state_candidate_reasoner_validation750_gpt41mini_v0_deterministic_safety_floor_v2_replay_2026-06-03.jsonl,15697,validation,hybrid_adjudicator_with_adapters,1 per day,1 per day,True,True,cluster_burden;rate_bucket_or_denominator;current_vs_historical,none,primary layer is Purist-correct,True,,True,True,True
gan2026_hybrid_parallel_state_candidate_reasoner_validation750_gpt41mini_v0_deterministic_safety_floor_v2_replay_2026-06-03.jsonl,15715,validation,hybrid_adjudicator_with_adapters,1 per day,1 per day,True,True,cluster_burden;rate_bucket_or_denominator;current_vs_historical,none,primary layer is Purist-correct,True,,True,True,True
gan2026_hybrid_parallel_state_candidate_reasoner_validation750_gpt41mini_v0_deterministic_safety_floor_v2_replay_2026-06-03.jsonl,15745,validation,hybrid_adjudicator_with_adapters,2 to 3 per week,2 to 3 per week,True,True,rate_bucket_or_denominator;current_vs_historical;competing_semiologies,none,primary layer is Purist-correct,True,,True,True,True
gan2026_hybrid_parallel_state_candidate_reasoner_validation750_gpt41mini_v0_deterministic_safety_floor_v2_replay_2026-06-03.jsonl,15766,validation,hybrid_adjudicator_with_adapters,4 per week,4 per week,True,True,rate_bucket_or_denominator;current_vs_historical;competing_semiologies,none,primary layer is Purist-correct,True,,True,True,True
gan2026_hybrid_parallel_state_candidate_reasoner_validation750_gpt41mini_v0_deterministic_safety_floor_v2_replay_2026-06-03.jsonl,15768,validation,hybrid_adjudicator_with_adapters,2 to 3 per week,2 to 3 per week,True,True,rate_bucket_or_denominator;current_vs_historical;competing_semiologies,none,primary layer is Purist-correct,True,,True,True,True
gan2026_hybrid_parallel_state_candidate_reasoner_validation750_gpt41mini_v0_deterministic_safety_floor_v2_replay_2026-06-03.jsonl,15771,validation,hybrid_adjudicator_with_adapters,3 per week,3 per week,True,True,rate_bucket_or_denominator;current_vs_historical;competing_semiologies,none,primary layer is Purist-correct,True,,True,True,True
gan2026_hybrid_parallel_state_candidate_reasoner_validation750_gpt41mini_v0_deterministic_safety_floor_v2_replay_2026-06-03.jsonl,15772,validation,hybrid_adjudicator_with_adapters,2 per week,2 per week,True,True,rate_bucket_or_denominator;current_vs_historical;competing_semiologies,none,primary layer is Purist-correct,True,,True,True,True
gan2026_hybrid_parallel_state_candidate_reasoner_validation750_gpt41mini_v0_deterministic_safety_floor_v2_replay_2026-06-03.jsonl,15774,validation,hybrid_adjudicator_with_adapters,2 per week,2 per week,True,True,rate_bucket_or_denominator;current_vs_historical;competing_semiologies,none,primary layer is Purist-correct,True,,True,True,True
gan2026_hybrid_parallel_state_candidate_reasoner_validation750_gpt41mini_v0_deterministic_safety_floor_v2_replay_2026-06-03.jsonl,15783,validation,hybrid_adjudicator_with_adapters,2 to 3 per week,2 to 3 per week,True,True,rate_bucket_or_denominator;current_vs_historical;competing_semiologies,none,primary layer is Purist-correct,True,,True,True,True
gan2026_hybrid_parallel_state_candidate_reasoner_validation750_gpt41mini_v0_deterministic_safety_floor_v2_replay_2026-06-03.jsonl,15802,validation,hybrid_adjudicator_with_adapters,7 per week,7 per week,True,True,rate_bucket_or_denominator;current_vs_historical;competing_semiologies,none,primary layer is Purist-correct,True,,True,True,True
gan2026_hybrid_parallel_state_candidate_reasoner_validation750_gpt41mini_v0_deterministic_safety_floor_v2_replay_2026-06-03.jsonl,15831,validation,hybrid_adjudicator_with_adapters,2 to 4 per day,2 to 4 per day,True,True,rate_bucket_or_denominator;current_vs_historical;competing_semiologies,none,primary layer is Purist-correct,True,,True,True,True
gan2026_hybrid_parallel_state_candidate_reasoner_validation750_gpt41mini_v0_deterministic_safety_floor_v2_replay_2026-06-03.jsonl,15834,validation,hybrid_adjudicator_with_adapters,5 per week,1 per multiple month,False,False,rate_bucket_or_denominator;current_vs_historical,candidate_generation,gold state absent from candidate set,True,,False,False,False
gan2026_hybrid_parallel_state_candidate_reasoner_validation750_gpt41mini_v0_deterministic_safety_floor_v2_replay_2026-06-03.jsonl,15964,validation,hybrid_adjudicator_with_adapters,11 per 3 month,11 per 3 month,True,True,unclassified,none,primary layer is Purist-correct,True,,True,True,True
gan2026_hybrid_parallel_state_candidate_reasoner_validation750_gpt41mini_v0_deterministic_safety_floor_v2_replay_2026-06-03.jsonl,15965,validation,hybrid_adjudicator_with_adapters,13 per 2 month,13 per 2 month,True,True,unclassified,none,primary layer is Purist-correct,True,,True,True,True
gan2026_hybrid_parallel_state_candidate_reasoner_validation750_gpt41mini_v0_deterministic_safety_floor_v2_replay_2026-06-03.jsonl,15966,validation,hybrid_adjudicator_with_adapters,5 per 3 month,5 per 3 month,True,True,unclassified,none,primary layer is Purist-correct,True,,True,True,True
gan2026_hybrid_parallel_state_candidate_reasoner_validation750_gpt41mini_v0_deterministic_safety_floor_v2_replay_2026-06-03.jsonl,15982,validation,hybrid_adjudicator_with_adapters,9 per 2 month,9 per 2 month,True,True,unclassified,none,primary layer is Purist-correct,True,,True,True,True
gan2026_hybrid_parallel_state_candidate_reasoner_validation750_gpt41mini_v0_deterministic_safety_floor_v2_replay_2026-06-03.jsonl,15986,validation,hybrid_adjudicator_with_adapters,11 per 3 month,1 per 5 to 7 day,False,True,unclassified,projection,gold appears representable but projection is wrong,True,,False,True,True
gan2026_hybrid_parallel_state_candidate_reasoner_validation750_gpt41mini_v0_deterministic_safety_floor_v2_replay_2026-06-03.jsonl,15992,validation,hybrid_adjudicator_with_adapters,7 per 2 month,7 per 2 month,True,True,unclassified,none,primary layer is Purist-correct,True,,True,True,True
gan2026_hybrid_parallel_state_candidate_reasoner_validation750_gpt41mini_v0_deterministic_safety_floor_v2_replay_2026-06-03.jsonl,15997,validation,hybrid_adjudicator_with_adapters,10 per 3 month,10 per 3 month,True,True,unclassified,none,primary layer is Purist-correct,True,,True,True,True
gan2026_hybrid_parallel_state_candidate_reasoner_validation750_gpt41mini_v0_deterministic_safety_floor_v2_replay_2026-06-03.jsonl,16021,validation,hybrid_adjudicator_with_adapters,9 per 3 month,9 per 3 month,True,True,unclassified,none,primary layer is Purist-correct,True,,True,True,True
gan2026_hybrid_parallel_state_candidate_reasoner_validation750_gpt41mini_v0_deterministic_safety_floor_v2_replay_2026-06-03.jsonl,16041,validation,hybrid_adjudicator_with_adapters,9 per 3 month,9 per 3 month,True,True,unclassified,none,primary layer is Purist-correct,True,,True,True,True
gan2026_hybrid_parallel_state_candidate_reasoner_validation750_gpt41mini_v0_deterministic_safety_floor_v2_replay_2026-06-03.jsonl,16084,validation,hybrid_adjudicator_with_adapters,8 per 4 month,8 per 4 month,True,True,seizure_free_duration,none,primary layer is Purist-correct,True,,True,True,True
gan2026_hybrid_parallel_state_candidate_reasoner_validation750_gpt41mini_v0_deterministic_safety_floor_v2_replay_2026-06-03.jsonl,16091,validation,hybrid_adjudicator_with_adapters,3 per 3 month,3 per 3 month,True,True,competing_semiologies,none,primary layer is Purist-correct,True,,True,True,True
gan2026_hybrid_parallel_state_candidate_reasoner_validation750_gpt41mini_v0_deterministic_safety_floor_v2_replay_2026-06-03.jsonl,16097,validation,hybrid_adjudicator_with_adapters,17 per 4 month,17 per 4 month,True,True,unclassified,none,primary layer is Purist-correct,True,,True,True,True
gan2026_hybrid_parallel_state_candidate_reasoner_validation750_gpt41mini_v0_deterministic_safety_floor_v2_replay_2026-06-03.jsonl,16107,validation,hybrid_adjudicator_with_adapters,8 per 3 month,8 per 3 month,True,True,seizure_free_duration,none,primary layer is Purist-correct,True,,True,True,True
gan2026_hybrid_parallel_state_candidate_reasoner_validation750_gpt41mini_v0_deterministic_safety_floor_v2_replay_2026-06-03.jsonl,16108,validation,hybrid_adjudicator_with_adapters,12 per 4 month,12 per 4 month,True,True,unclassified,none,primary layer is Purist-correct,True,,True,True,True
gan2026_hybrid_parallel_state_candidate_reasoner_validation750_gpt41mini_v0_deterministic_safety_floor_v2_replay_2026-06-03.jsonl,16132,validation,hybrid_adjudicator_with_adapters,15 per 3 month,15 per 3 month,True,True,unclassified,none,primary layer is Purist-correct,True,,True,True,True
gan2026_hybrid_parallel_state_candidate_reasoner_validation750_gpt41mini_v0_deterministic_safety_floor_v2_replay_2026-06-03.jsonl,16133,validation,hybrid_adjudicator_with_adapters,18 per 4 month,18 per 4 month,True,True,unclassified,none,primary layer is Purist-correct,True,,True,True,True
gan2026_hybrid_parallel_state_candidate_reasoner_validation750_gpt41mini_v0_deterministic_safety_floor_v2_replay_2026-06-03.jsonl,16161,validation,hybrid_adjudicator_with_adapters,18 per 3 month,18 per 3 month,True,True,unclassified,none,primary layer is Purist-correct,True,,True,True,True
gan2026_hybrid_parallel_state_candidate_reasoner_validation750_gpt41mini_v0_deterministic_safety_floor_v2_replay_2026-06-03.jsonl,16162,validation,hybrid_adjudicator_with_adapters,11 per 3 month,11 per 3 month,True,True,unclassified,none,primary layer is Purist-correct,True,,True,True,True
gan2026_hybrid_parallel_state_candidate_reasoner_validation750_gpt41mini_v0_deterministic_safety_floor_v2_replay_2026-06-03.jsonl,16181,validation,hybrid_adjudicator_with_adapters,15 per 4 month,15 per 4 month,True,True,unclassified,none,primary layer is Purist-correct,True,,True,True,True
gan2026_hybrid_parallel_state_candidate_reasoner_validation750_gpt41mini_v0_deterministic_safety_floor_v2_replay_2026-06-03.jsonl,16195,validation,hybrid_adjudicator_with_adapters,16 per 4 month,16 per 4 month,True,True,unclassified,none,primary layer is Purist-correct,True,,True,True,True
gan2026_hybrid_parallel_state_candidate_reasoner_validation750_gpt41mini_v0_deterministic_safety_floor_v2_replay_2026-06-03.jsonl,16203,validation,hybrid_adjudicator_with_adapters,9 per 3 month,9 per 3 month,True,True,unclassified,none,primary layer is Purist-correct,True,,True,True,True
gan2026_hybrid_parallel_state_candidate_reasoner_validation750_gpt41mini_v0_deterministic_safety_floor_v2_replay_2026-06-03.jsonl,16204,validation,hybrid_adjudicator_with_adapters,5 per 3 month,5 per 3 month,True,True,competing_semiologies,none,primary layer is Purist-correct,True,,True,True,True
gan2026_hybrid_parallel_state_candidate_reasoner_validation750_gpt41mini_v0_deterministic_safety_floor_v2_replay_2026-06-03.jsonl,16220,validation,hybrid_adjudicator_with_adapters,11 per 4 month,11 per 4 month,True,True,seizure_free_duration,none,primary layer is Purist-correct,True,,True,True,True
gan2026_hybrid_parallel_state_candidate_reasoner_validation750_gpt41mini_v0_deterministic_safety_floor_v2_replay_2026-06-03.jsonl,16324,validation,hybrid_adjudicator_with_adapters,10 per 3 month,10 per 3 month,True,True,unclassified,none,primary layer is Purist-correct,True,,True,True,True
gan2026_hybrid_parallel_state_candidate_reasoner_validation750_gpt41mini_v0_deterministic_safety_floor_v2_replay_2026-06-03.jsonl,16335,validation,hybrid_adjudicator_with_adapters,7 per 3 month,6 per 2 month,True,True,unclassified,none,primary layer is Purist-correct,True,,True,False,False
gan2026_hybrid_parallel_state_candidate_reasoner_validation750_gpt41mini_v0_deterministic_safety_floor_v2_replay_2026-06-03.jsonl,16356,validation,hybrid_adjudicator_with_adapters,1 per 4 day,1 per 4 day,True,True,cluster_burden;current_vs_historical,none,primary layer is Purist-correct,True,,True,True,True
gan2026_hybrid_parallel_state_candidate_reasoner_validation750_gpt41mini_v0_deterministic_safety_floor_v2_replay_2026-06-03.jsonl,16394,validation,hybrid_adjudicator_with_adapters,1 per 2 to 4 day,1 per 2 to 4 day,True,True,cluster_burden;current_vs_historical,none,primary layer is Purist-correct,True,,True,True,True
gan2026_hybrid_parallel_state_candidate_reasoner_validation750_gpt41mini_v0_deterministic_safety_floor_v2_replay_2026-06-03.jsonl,16408,validation,hybrid_adjudicator_with_adapters,1 per 3 day,1 per 3 day,True,True,rate_bucket_or_denominator,none,primary layer is Purist-correct,True,,True,True,True
gan2026_hybrid_parallel_state_candidate_reasoner_validation750_gpt41mini_v0_deterministic_safety_floor_v2_replay_2026-06-03.jsonl,16429,validation,hybrid_adjudicator_with_adapters,1 per 2 to 3 day,1 per 2 to 3 day,True,True,rate_bucket_or_denominator,none,primary layer is Purist-correct,True,,True,True,True
gan2026_hybrid_parallel_state_candidate_reasoner_validation750_gpt41mini_v0_deterministic_safety_floor_v2_replay_2026-06-03.jsonl,16432,validation,hybrid_adjudicator_with_adapters,1 per 2 day,1 per 2 day,True,True,rate_bucket_or_denominator,none,primary layer is Purist-correct,True,,True,True,True
gan2026_hybrid_parallel_state_candidate_reasoner_validation750_gpt41mini_v0_deterministic_safety_floor_v2_replay_2026-06-03.jsonl,16450,validation,hybrid_adjudicator_with_adapters,1 per multiple day,1 per multiple day,True,True,rate_bucket_or_denominator,none,primary layer is Purist-correct,True,,True,True,True
gan2026_hybrid_parallel_state_candidate_reasoner_validation750_gpt41mini_v0_deterministic_safety_floor_v2_replay_2026-06-03.jsonl,16529,validation,hybrid_adjudicator_with_adapters,1 per 5 day,1 per 5 day,True,True,cluster_burden;current_vs_historical,none,primary layer is Purist-correct,True,,True,True,True
gan2026_hybrid_parallel_state_candidate_reasoner_validation750_gpt41mini_v0_deterministic_safety_floor_v2_replay_2026-06-03.jsonl,16557,validation,hybrid_adjudicator_with_adapters,1 per 2 to 3 day,1 per 2 to 3 day,True,True,cluster_burden;current_vs_historical,none,primary layer is Purist-correct,True,,True,True,True
gan2026_hybrid_parallel_state_candidate_reasoner_validation750_gpt41mini_v0_deterministic_safety_floor_v2_replay_2026-06-03.jsonl,16574,validation,hybrid_adjudicator_with_adapters,1 per 4 day,1 per 4 day,True,True,cluster_burden;rate_bucket_or_denominator;current_vs_historical,none,primary layer is Purist-correct,True,,True,True,True
gan2026_hybrid_parallel_state_candidate_reasoner_validation750_gpt41mini_v0_deterministic_safety_floor_v2_replay_2026-06-03.jsonl,16590,validation,hybrid_adjudicator_with_adapters,1 per 4 to 5 day,1 per 4 to 5 day,True,True,cluster_burden;rate_bucket_or_denominator;current_vs_historical,none,primary layer is Purist-correct,True,,True,True,True
gan2026_hybrid_parallel_state_candidate_reasoner_validation750_gpt41mini_v0_deterministic_safety_floor_v2_replay_2026-06-03.jsonl,16618,validation,hybrid_adjudicator_with_adapters,1 per 5 day,1 per 5 day,True,True,cluster_burden;rate_bucket_or_denominator;current_vs_historical,none,primary layer is Purist-correct,True,,True,True,True
gan2026_hybrid_parallel_state_candidate_reasoner_validation750_gpt41mini_v0_deterministic_safety_floor_v2_replay_2026-06-03.jsonl,16645,validation,hybrid_adjudicator_with_adapters,5 per 7 month,5 per 7 month,True,True,cluster_burden;competing_semiologies,none,primary layer is Purist-correct,True,,True,True,True
gan2026_hybrid_parallel_state_candidate_reasoner_validation750_gpt41mini_v0_deterministic_safety_floor_v2_replay_2026-06-03.jsonl,16674,validation,hybrid_adjudicator_with_adapters,7 per 6 month,7 per 6 month,True,True,cluster_burden;competing_semiologies,none,primary layer is Purist-correct,True,,True,True,True
gan2026_hybrid_parallel_state_candidate_reasoner_validation750_gpt41mini_v0_deterministic_safety_floor_v2_replay_2026-06-03.jsonl,16685,validation,hybrid_adjudicator_with_adapters,10 per 3 month,10 per 3 month,True,True,cluster_burden;competing_semiologies,none,primary layer is Purist-correct,True,,True,True,True
gan2026_hybrid_parallel_state_candidate_reasoner_validation750_gpt41mini_v0_deterministic_safety_floor_v2_replay_2026-06-03.jsonl,16697,validation,hybrid_adjudicator_with_adapters,3 per 6 month,3 per 6 month,True,True,competing_semiologies,none,primary layer is Purist-correct,True,,True,True,True
gan2026_hybrid_parallel_state_candidate_reasoner_validation750_gpt41mini_v0_deterministic_safety_floor_v2_replay_2026-06-03.jsonl,16704,validation,hybrid_adjudicator_with_adapters,9 per 6 month,9 per 6 month,True,True,competing_semiologies,none,primary layer is Purist-correct,True,,True,True,True
gan2026_hybrid_parallel_state_candidate_reasoner_validation750_gpt41mini_v0_deterministic_safety_floor_v2_replay_2026-06-03.jsonl,16714,validation,hybrid_adjudicator_with_adapters,5 per 6 month,5 per 6 month,True,True,cluster_burden;competing_semiologies,none,primary layer is Purist-correct,True,,True,True,True
gan2026_hybrid_parallel_state_candidate_reasoner_validation750_gpt41mini_v0_deterministic_safety_floor_v2_replay_2026-06-03.jsonl,16717,validation,hybrid_adjudicator_with_adapters,5 per 6 month,5 per 6 month,True,True,competing_semiologies,none,primary layer is Purist-correct,True,,True,True,True
gan2026_hybrid_parallel_state_candidate_reasoner_validation750_gpt41mini_v0_deterministic_safety_floor_v2_replay_2026-06-03.jsonl,16719,validation,hybrid_adjudicator_with_adapters,7 per 6 month,7 per 6 month,True,True,competing_semiologies,none,primary layer is Purist-correct,True,,True,True,True
gan2026_hybrid_parallel_state_candidate_reasoner_validation750_gpt41mini_v0_deterministic_safety_floor_v2_replay_2026-06-03.jsonl,16728,validation,hybrid_adjudicator_with_adapters,4 per 6 month,4 per 6 month,True,True,competing_semiologies,none,primary layer is Purist-correct,True,,True,True,True
gan2026_hybrid_parallel_state_candidate_reasoner_validation750_gpt41mini_v0_deterministic_safety_floor_v2_replay_2026-06-03.jsonl,16750,validation,hybrid_adjudicator_with_adapters,6 per 7 month,6 per 7 month,True,True,competing_semiologies,none,primary layer is Purist-correct,True,,True,True,True
gan2026_hybrid_parallel_state_candidate_reasoner_validation750_gpt41mini_v0_deterministic_safety_floor_v2_replay_2026-06-03.jsonl,16757,validation,hybrid_adjudicator_with_adapters,13 per 6 month,13 per 6 month,True,True,competing_semiologies,none,primary layer is Purist-correct,True,,True,True,True
gan2026_hybrid_parallel_state_candidate_reasoner_validation750_gpt41mini_v0_deterministic_safety_floor_v2_replay_2026-06-03.jsonl,16758,validation,hybrid_adjudicator_with_adapters,9 per 5 month,9 per 5 month,True,True,competing_semiologies,none,primary layer is Purist-correct,True,,True,True,True
gan2026_hybrid_parallel_state_candidate_reasoner_validation750_gpt41mini_v0_deterministic_safety_floor_v2_replay_2026-06-03.jsonl,16772,validation,hybrid_adjudicator_with_adapters,9 per 5 month,9 per 5 month,True,True,competing_semiologies,none,primary layer is Purist-correct,True,,True,True,True
gan2026_hybrid_parallel_state_candidate_reasoner_validation750_gpt41mini_v0_deterministic_safety_floor_v2_replay_2026-06-03.jsonl,16774,validation,hybrid_adjudicator_with_adapters,19 per 7 month,19 per 7 month,True,True,competing_semiologies,none,primary layer is Purist-correct,True,,True,True,True
gan2026_hybrid_parallel_state_candidate_reasoner_validation750_gpt41mini_v0_deterministic_safety_floor_v2_replay_2026-06-03.jsonl,16780,validation,hybrid_adjudicator_with_adapters,3 per 7 month,3 per 7 month,True,True,competing_semiologies,none,primary layer is Purist-correct,True,,True,True,True
gan2026_hybrid_parallel_state_candidate_reasoner_validation750_gpt41mini_v0_deterministic_safety_floor_v2_replay_2026-06-03.jsonl,16824,validation,hybrid_adjudicator_with_adapters,11 per 5 month,11 per 5 month,True,True,cluster_burden;competing_semiologies,none,primary layer is Purist-correct,True,,True,True,True
gan2026_hybrid_parallel_state_candidate_reasoner_validation750_gpt41mini_v0_deterministic_safety_floor_v2_replay_2026-06-03.jsonl,16833,validation,hybrid_adjudicator_with_adapters,8 per 6 month,8 per 6 month,True,True,competing_semiologies,none,primary layer is Purist-correct,True,,True,True,True
gan2026_hybrid_parallel_state_candidate_reasoner_validation750_gpt41mini_v0_deterministic_safety_floor_v2_replay_2026-06-03.jsonl,16839,validation,hybrid_adjudicator_with_adapters,9 per 4 month,9 per 4 month,True,True,competing_semiologies,none,primary layer is Purist-correct,True,,True,True,True
gan2026_hybrid_parallel_state_candidate_reasoner_validation750_gpt41mini_v0_deterministic_safety_floor_v2_replay_2026-06-03.jsonl,16867,validation,hybrid_adjudicator_with_adapters,6 per 7 month,6 per 7 month,True,True,competing_semiologies,none,primary layer is Purist-correct,True,,True,True,True
gan2026_hybrid_parallel_state_candidate_reasoner_validation750_gpt41mini_v0_deterministic_safety_floor_v2_replay_2026-06-03.jsonl,16907,validation,hybrid_adjudicator_with_adapters,9 per 6 month,9 per 6 month,True,True,competing_semiologies,none,primary layer is Purist-correct,True,,True,True,True
gan2026_hybrid_parallel_state_candidate_reasoner_validation750_gpt41mini_v0_deterministic_safety_floor_v2_replay_2026-06-03.jsonl,16938,validation,hybrid_adjudicator_with_adapters,2 per week,2 per week,True,True,rate_bucket_or_denominator;current_vs_historical;competing_semiologies,none,primary layer is Purist-correct,True,,True,True,True
gan2026_hybrid_parallel_state_candidate_reasoner_validation750_gpt41mini_v0_deterministic_safety_floor_v2_replay_2026-06-03.jsonl,16947,validation,hybrid_adjudicator_with_adapters,2 per week,2 per week,True,True,rate_bucket_or_denominator;current_vs_historical;competing_semiologies,none,primary layer is Purist-correct,True,,True,True,True
gan2026_hybrid_parallel_state_candidate_reasoner_validation750_gpt41mini_v0_deterministic_safety_floor_v2_replay_2026-06-03.jsonl,16961,validation,hybrid_adjudicator_with_adapters,2 per week,2 per week,True,True,rate_bucket_or_denominator;current_vs_historical;competing_semiologies,none,primary layer is Purist-correct,True,,True,True,True
gan2026_hybrid_parallel_state_candidate_reasoner_validation750_gpt41mini_v0_deterministic_safety_floor_v2_replay_2026-06-03.jsonl,16983,validation,hybrid_adjudicator_with_adapters,2 to 3 per week,2 to 3 per week,True,True,rate_bucket_or_denominator;current_vs_historical;competing_semiologies,none,primary layer is Purist-correct,True,,True,True,True
gan2026_hybrid_parallel_state_candidate_reasoner_validation750_gpt41mini_v0_deterministic_safety_floor_v2_replay_2026-06-03.jsonl,16990,validation,hybrid_adjudicator_with_adapters,4 to 5 per week,4 to 5 per week,True,True,rate_bucket_or_denominator;current_vs_historical;competing_semiologies,none,primary layer is Purist-correct,True,,True,True,True
gan2026_hybrid_parallel_state_candidate_reasoner_validation750_gpt41mini_v0_deterministic_safety_floor_v2_replay_2026-06-03.jsonl,17001,validation,hybrid_adjudicator_with_adapters,5 per week,5 per week,True,True,rate_bucket_or_denominator;current_vs_historical;competing_semiologies,none,primary layer is Purist-correct,True,,True,True,True
gan2026_hybrid_parallel_state_candidate_reasoner_validation750_gpt41mini_v0_deterministic_safety_floor_v2_replay_2026-06-03.jsonl,17003,validation,hybrid_adjudicator_with_adapters,3 to 4 per month,3 to 4 per month,True,True,current_vs_historical;competing_semiologies,none,primary layer is Purist-correct,True,,True,True,True
gan2026_hybrid_parallel_state_candidate_reasoner_validation750_gpt41mini_v0_deterministic_safety_floor_v2_replay_2026-06-03.jsonl,17110,validation,hybrid_adjudicator_with_adapters,"4 to 5 cluster per week, multiple per cluster","4 to 5 cluster per week, multiple per cluster",True,True,cluster_burden;rate_bucket_or_denominator;current_vs_historical;competing_semiologies;benchmark_format_convention,none,primary layer is Purist-correct,True,,True,True,True
gan2026_hybrid_parallel_state_candidate_reasoner_validation750_gpt41mini_v0_deterministic_safety_floor_v2_replay_2026-06-03.jsonl,17135,validation,hybrid_adjudicator_with_adapters,"5 cluster per month, multiple per cluster","5 cluster per month, multiple per cluster",True,True,cluster_burden;current_vs_historical;competing_semiologies;benchmark_format_convention,none,primary layer is Purist-correct,True,,True,True,True
gan2026_hybrid_parallel_state_candidate_reasoner_validation750_gpt41mini_v0_deterministic_safety_floor_v2_replay_2026-06-03.jsonl,17146,validation,hybrid_adjudicator_with_adapters,1 per day,1 per day,True,True,rate_bucket_or_denominator;current_vs_historical;competing_semiologies,none,primary layer is Purist-correct,True,,True,True,True
gan2026_hybrid_parallel_state_candidate_reasoner_validation750_gpt41mini_v0_deterministic_safety_floor_v2_replay_2026-06-03.jsonl,17167,validation,hybrid_adjudicator_with_adapters,1 per week,1 per week,True,True,rate_bucket_or_denominator;current_vs_historical;competing_semiologies,none,primary layer is Purist-correct,True,,True,True,True
gan2026_hybrid_parallel_state_candidate_reasoner_validation750_gpt41mini_v0_deterministic_safety_floor_v2_replay_2026-06-03.jsonl,17189,validation,hybrid_adjudicator_with_adapters,1 per month,1 per month,True,True,rate_bucket_or_denominator;current_vs_historical;competing_semiologies,none,primary layer is Purist-correct,True,,True,True,True
gan2026_hybrid_parallel_state_candidate_reasoner_validation750_gpt41mini_v0_deterministic_safety_floor_v2_replay_2026-06-03.jsonl,17200,validation,hybrid_adjudicator_with_adapters,1 per month,1 per month,True,True,rate_bucket_or_denominator;current_vs_historical;competing_semiologies,none,primary layer is Purist-correct,True,,True,True,True
gan2026_hybrid_parallel_state_candidate_reasoner_validation750_gpt41mini_v0_deterministic_safety_floor_v2_replay_2026-06-03.jsonl,17201,validation,hybrid_adjudicator_with_adapters,4 per month,4 per month,True,True,rate_bucket_or_denominator;current_vs_historical;competing_semiologies,none,primary layer is Purist-correct,True,,True,True,True
gan2026_hybrid_parallel_state_candidate_reasoner_validation750_gpt41mini_v0_deterministic_safety_floor_v2_replay_2026-06-03.jsonl,17273,validation,hybrid_adjudicator_with_adapters,1 per 2 day,1 per 2 day,True,True,rate_bucket_or_denominator;competing_semiologies,none,primary layer is Purist-correct,True,,True,True,True
gan2026_hybrid_parallel_state_candidate_reasoner_validation750_gpt41mini_v0_deterministic_safety_floor_v2_replay_2026-06-03.jsonl,17279,validation,hybrid_adjudicator_with_adapters,1 per 4 to 5 week,1 per 4 to 5 week,True,True,rate_bucket_or_denominator;competing_semiologies,none,primary layer is Purist-correct,True,,True,True,True
gan2026_hybrid_parallel_state_candidate_reasoner_validation750_gpt41mini_v0_deterministic_safety_floor_v2_replay_2026-06-03.jsonl,17287,validation,hybrid_adjudicator_with_adapters,1 per 1 to 2 day,1 per 1 to 2 day,True,True,rate_bucket_or_denominator;competing_semiologies,none,primary layer is Purist-correct,True,,True,True,True
